Generation,Environment,# Organisms Mutated,B/D Ratio,Fitness,SEED:1763523363183798428,CMD:/tmp/go-build1379728611/b001/exe/implicit-genome-simulator-go --iterations 500 --plotfile results/iterations/plots/iterations-500.png --datafile results/iterations/data/iterations-500.tsv
1,1,15,0.363636,2.141506
2,1,27,0.800000,2.175469
3,1,64,0.684211,2.190858
4,1,157,0.847059,2.201636
5,1,296,0.701149,2.219101
6,1,595,0.755162,2.232684
7,1,1464,0.680827,2.247038
8,1,2157,0.670798,2.263747
9,1,2176,0.667433,2.270413
10,1,2176,0.639789,2.281767
11,1,2205,0.711957,2.290254
12,1,2329,0.641297,2.298891
13,1,2186,0.652305,2.307010
14,1,2163,0.670270,2.317143
15,1,2164,0.639394,2.323811
16,1,2222,0.623083,2.332857
17,1,2148,0.598214,2.341062
18,1,2249,0.622655,2.346866
19,1,2185,0.645331,2.351317
20,1,2222,0.713184,2.357887
21,1,2241,0.614553,2.361289
22,1,2313,0.625439,2.361810
23,1,2344,0.600000,2.367517
24,1,2310,0.582192,2.372950
25,1,2398,0.577632,2.376048
26,1,2257,0.626081,2.379206
27,1,2231,0.638032,2.382277
28,1,2305,0.630127,2.383971
29,1,2259,0.581933,2.389133
30,1,2314,0.592567,2.392050
31,1,2317,0.589163,2.395458
32,1,2278,0.632975,2.400006
33,1,2388,0.660640,2.403469
34,1,2380,0.582447,2.404233
35,1,2303,0.575239,2.407577
36,1,2282,0.586926,2.410583
37,1,2261,0.545455,2.411280
38,1,2245,0.612787,2.415941
39,1,2234,0.587775,2.415151
40,1,2236,0.610951,2.419988
41,1,2286,0.583102,2.419621
42,1,2303,0.547715,2.419123
43,1,2347,0.562583,2.424062
44,1,2297,0.541611,2.424194
45,1,2316,0.547094,2.426039
46,1,2400,0.567603,2.429713
47,1,2380,0.573034,2.431623
48,1,2354,0.570380,2.431775
49,1,2300,0.556157,2.433928
50,1,2346,0.567134,2.435363
51,1,2392,0.570584,2.434743
52,1,2339,0.583615,2.436502
53,1,2438,0.524703,2.435718
54,1,2413,0.545804,2.436032
55,1,2246,0.559722,2.439098
56,1,2231,0.521828,2.439019
57,1,2313,0.543029,2.439949
58,1,2248,0.562196,2.444307
59,1,2316,0.602768,2.445688
60,1,2295,0.617336,2.447363
61,1,2304,0.544236,2.448430
62,1,2347,0.525016,2.447710
63,1,2358,0.512508,2.448575
64,1,2310,0.519737,2.449408
65,1,2366,0.519589,2.450164
66,1,2320,0.500647,2.449265
67,1,2323,0.562206,2.453173
68,1,2294,0.514191,2.454844
69,1,2428,0.520351,2.452847
70,1,2371,0.504442,2.454157
71,1,2359,0.494930,2.456360
72,1,2205,0.472946,2.458352
73,1,2374,0.535576,2.458158
74,1,2361,0.519305,2.457835
75,1,2386,0.490319,2.461654
76,1,2305,0.557432,2.464348
77,1,2512,0.500597,2.463378
78,1,2323,0.512370,2.464312
79,1,2276,0.510285,2.464340
80,1,2342,0.519792,2.462402
81,1,2341,0.488239,2.462762
82,1,2439,0.500923,2.463226
83,1,2424,0.520703,2.464087
84,1,2362,0.498731,2.466164
85,1,2403,0.508475,2.466425
86,1,2406,0.538363,2.467520
87,1,2378,0.489042,2.470380
88,1,2357,0.490829,2.468468
89,1,2323,0.462846,2.470401
90,1,2330,0.463568,2.472463
91,1,2302,0.479434,2.475443
92,1,2370,0.452206,2.475733
93,1,2410,0.490414,2.474609
94,1,2324,0.464398,2.474415
95,1,2364,0.490542,2.473584
96,1,2317,0.490032,2.473974
97,1,2282,0.479896,2.475358
98,1,2470,0.516268,2.478613
99,1,2459,0.487598,2.477767
100,1,2296,0.477477,2.479855
101,1,2413,0.448379,2.479919
102,1,2448,0.460621,2.479126
103,1,2347,0.433720,2.480012
104,1,2427,0.509328,2.482872
105,1,2370,0.493384,2.483683
106,1,2414,0.469264,2.485892
107,1,2374,0.442284,2.487365
108,1,2320,0.471148,2.489837
109,1,2390,0.437162,2.489446
110,1,2359,0.465217,2.485806
111,1,2369,0.445394,2.485434
112,1,2357,0.425030,2.483340
113,1,2454,0.443529,2.485554
114,1,2332,0.462986,2.485693
115,1,2357,0.486129,2.488574
116,1,2336,0.460913,2.487855
117,1,2436,0.425395,2.490840
118,1,2338,0.454885,2.488928
119,1,2426,0.442331,2.489955
120,1,2454,0.440141,2.491845
121,1,2310,0.442848,2.492306
122,1,2390,0.448485,2.492912
123,1,2341,0.440615,2.493643
124,1,2360,0.431170,2.494026
125,1,2401,0.500625,2.493932
126,1,2437,0.433529,2.492712
127,1,2312,0.451350,2.494266
128,1,2294,0.456508,2.493790
129,1,2435,0.422313,2.494451
130,1,2310,0.461101,2.495052
131,1,2458,0.433236,2.493654
132,1,2440,0.399083,2.493411
133,1,2429,0.469449,2.494037
134,1,2394,0.436113,2.497138
135,1,2460,0.445358,2.497536
136,1,2457,0.432653,2.498394
137,1,2466,0.415614,2.497721
138,1,2408,0.429929,2.496512
139,1,2447,0.443658,2.495830
140,1,2404,0.448193,2.495689
141,1,2376,0.426170,2.495358
142,1,2337,0.425000,2.494759
143,1,2322,0.454887,2.493784
144,1,2444,0.425073,2.495861
145,1,2326,0.463814,2.496522
146,1,2351,0.433537,2.495022
147,1,2396,0.443374,2.494165
148,1,2364,0.424096,2.496357
149,1,2371,0.445732,2.498522
150,1,2414,0.455093,2.499013
151,1,2377,0.415724,2.497364
152,1,2355,0.426408,2.497953
153,1,2416,0.402205,2.499912
154,1,2407,0.413388,2.498527
155,1,2354,0.445946,2.498269
156,1,2307,0.424074,2.498255
157,1,2404,0.449066,2.496956
158,1,2463,0.429483,2.498000
159,1,2386,0.388824,2.497584
160,1,2361,0.436131,2.500303
161,1,2353,0.452469,2.499494
162,1,2358,0.393617,2.500299
163,1,2315,0.429895,2.496839
164,1,2351,0.391124,2.498714
165,1,2394,0.449153,2.499646
166,1,2502,0.444573,2.500506
167,1,2385,0.388242,2.502186
168,1,2331,0.446030,2.504040
169,1,2447,0.427655,2.505080
170,1,2341,0.393452,2.507275
171,1,2440,0.420256,2.505524
172,1,2307,0.421442,2.505791
173,1,2327,0.416312,2.506166
174,1,2298,0.413284,2.505746
175,1,2360,0.408115,2.504306
176,1,2421,0.429162,2.503587
177,1,2365,0.403561,2.502234
178,1,2450,0.469706,2.503400
179,1,2378,0.408768,2.502761
180,1,2376,0.416816,2.503332
181,1,2363,0.391637,2.505800
182,1,2360,0.387419,2.504944
183,1,2473,0.403519,2.504038
184,1,2384,0.393337,2.502268
185,1,2402,0.414605,2.503546
186,1,2329,0.374852,2.504103
187,1,2362,0.410992,2.504510
188,1,2449,0.395442,2.504921
189,1,2437,0.399770,2.505095
190,1,2507,0.385849,2.503871
191,1,2450,0.428571,2.504769
192,1,2354,0.399524,2.503926
193,1,2251,0.405996,2.505219
194,1,2233,0.402638,2.505293
195,1,2367,0.387456,2.502959
196,1,2422,0.435685,2.501133
197,1,2387,0.368693,2.500187
198,1,2512,0.432155,2.499841
199,1,2361,0.399526,2.499460
200,1,2410,0.405248,2.500499
201,1,2322,0.369911,2.498642
202,1,2326,0.387001,2.500113
203,1,2419,0.408853,2.502004
204,1,2380,0.370968,2.502772
205,1,2353,0.440024,2.504417
206,1,2556,0.416066,2.504896
207,1,2409,0.370307,2.506421
208,1,2494,0.395635,2.507473
209,1,2391,0.404818,2.504724
210,1,2418,0.395268,2.506634
211,1,2421,0.401042,2.506087
212,1,2390,0.392774,2.505317
213,1,2394,0.396733,2.506068
214,1,2494,0.399551,2.507505
215,1,2312,0.436917,2.507915
216,1,2485,0.392937,2.510320
217,1,2467,0.393785,2.509474
218,1,2398,0.364050,2.510396
219,1,2366,0.400000,2.513146
220,1,2366,0.373984,2.514203
221,1,2475,0.403061,2.516463
222,1,2422,0.391154,2.516110
223,1,2344,0.386982,2.517323
224,1,2420,0.397229,2.518101
225,1,2514,0.381319,2.517611
226,1,2378,0.380151,2.516846
227,1,2464,0.386607,2.515941
228,1,2397,0.394415,2.515594
229,1,2470,0.374513,2.514403
230,1,2450,0.390465,2.514034
231,1,2424,0.396313,2.511694
232,1,2427,0.407773,2.511185
233,1,2469,0.414089,2.510912
234,1,2414,0.404305,2.510608
235,1,2354,0.359908,2.510067
236,1,2371,0.393067,2.510672
237,1,2351,0.407784,2.510596
238,1,2513,0.396887,2.511357
239,1,2408,0.397562,2.512510
240,1,2306,0.358068,2.513068
241,1,2462,0.359470,2.513321
242,1,2430,0.382253,2.513884
243,1,2432,0.392898,2.512874
244,1,2332,0.414190,2.512438
245,1,2351,0.390302,2.513276
246,1,2350,0.383981,2.513060
247,1,2459,0.373743,2.514802
248,1,2493,0.373554,2.514800
249,1,2370,0.364421,2.515547
250,1,2374,0.362801,2.517302
251,1,2540,0.380435,2.518273
252,1,2357,0.369553,2.518846
253,1,2340,0.379717,2.519284
254,1,2431,0.372671,2.521647
255,1,2502,0.400112,2.524354
256,1,2414,0.357705,2.524205
257,1,2346,0.345955,2.524677
258,1,2424,0.378840,2.524920
259,1,2536,0.354701,2.523968
260,1,2436,0.362416,2.522811
261,1,2355,0.358131,2.523707
262,1,2450,0.416185,2.522931
263,1,2427,0.348333,2.523140
264,1,2387,0.387791,2.524318
265,1,2376,0.354618,2.527136
266,1,2452,0.372900,2.526485
267,1,2465,0.367166,2.526260
268,1,2388,0.355278,2.528233
269,1,2395,0.378814,2.528373
270,1,2445,0.367450,2.526493
271,1,2367,0.373767,2.524635
272,1,2346,0.360789,2.524489
273,1,2391,0.341751,2.525743
274,1,2470,0.363135,2.527099
275,1,2358,0.383803,2.526304
276,1,2404,0.364359,2.526938
277,1,2446,0.353625,2.525843
278,1,2360,0.377700,2.526600
279,1,2404,0.331856,2.526551
280,1,2403,0.343960,2.526287
281,1,2326,0.333716,2.525162
282,1,2463,0.374442,2.525090
283,1,2324,0.367863,2.525165
284,1,2315,0.349854,2.525951
285,1,2383,0.361714,2.524717
286,1,2405,0.355693,2.526405
287,1,2468,0.380313,2.527271
288,1,2420,0.376564,2.528098
289,1,2385,0.353575,2.530780
290,1,2488,0.380688,2.530040
291,1,2455,0.343733,2.528672
292,1,2452,0.350220,2.528308
293,1,2351,0.345736,2.528224
294,1,2310,0.349299,2.531308
295,1,2424,0.345172,2.531116
296,1,2463,0.360022,2.531530
297,1,2603,0.346611,2.532161
298,1,2397,0.386350,2.531890
299,1,2383,0.377457,2.530866
300,1,2337,0.339255,2.530306
301,1,2323,0.302860,2.531213
302,1,2493,0.349026,2.530207
303,1,2417,0.340544,2.532775
304,1,2375,0.347900,2.534039
305,1,2379,0.317276,2.534791
306,1,2408,0.346756,2.534503
307,1,2385,0.326474,2.534069
308,1,2345,0.392518,2.531687
309,1,2424,0.345172,2.531699
310,1,2347,0.368513,2.533899
311,1,2480,0.378544,2.534963
312,1,2360,0.350114,2.536578
313,1,2391,0.358523,2.537496
314,1,2339,0.361467,2.536709
315,1,2416,0.370391,2.535637
316,1,2307,0.349123,2.535847
317,1,2480,0.361142,2.537030
318,1,2532,0.335443,2.536365
319,1,2483,0.391816,2.534554
320,1,2325,0.374113,2.534927
321,1,2432,0.346622,2.534923
322,1,2343,0.332765,2.533022
323,1,2392,0.351412,2.533325
324,1,2453,0.372692,2.534548
325,1,2525,0.331751,2.533789
326,1,2400,0.340782,2.534588
327,1,2455,0.371508,2.535850
328,1,2475,0.353198,2.534676
329,1,2443,0.375563,2.534961
330,1,2364,0.337861,2.534854
331,1,2421,0.354785,2.535189
332,1,2490,0.313984,2.534704
333,1,2419,0.334253,2.533322
334,1,2465,0.360375,2.531284
335,1,2487,0.365733,2.530453
336,1,2333,0.334668,2.529965
337,1,2345,0.343840,2.528514
338,1,2408,0.348264,2.527935
339,1,2346,0.359212,2.528652
340,1,2414,0.355418,2.528542
341,1,2590,0.363158,2.527772
342,1,2360,0.366532,2.527625
343,1,2505,0.363636,2.529726
344,1,2475,0.334232,2.529958
345,1,2508,0.327687,2.530235
346,1,2500,0.331203,2.529061
347,1,2459,0.342249,2.530272
348,1,2361,0.370284,2.530872
349,1,2466,0.351974,2.532545
350,1,2310,0.355634,2.531805
351,1,2509,0.335996,2.533498
352,1,2412,0.359639,2.533895
353,1,2414,0.328564,2.533532
354,1,2431,0.333516,2.534380
355,1,2469,0.347707,2.530954
356,1,2427,0.372738,2.530134
357,1,2388,0.332589,2.530951
358,1,2445,0.359088,2.530145
359,1,2378,0.359634,2.530576
360,1,2444,0.339912,2.531237
361,1,2451,0.329176,2.530431
362,1,2402,0.347924,2.530219
363,1,2441,0.354606,2.530610
364,1,2458,0.351292,2.532710
365,1,2379,0.345588,2.533340
366,1,2363,0.359609,2.531574
367,1,2373,0.375652,2.531827
368,1,2423,0.327671,2.530915
369,1,2530,0.345745,2.531821
370,1,2457,0.371094,2.532127
371,1,2349,0.353111,2.529538
372,1,2415,0.335730,2.530123
373,1,2360,0.357102,2.529702
374,1,2398,0.378953,2.530459
375,1,2410,0.335180,2.531041
376,1,2328,0.346443,2.532307
377,1,2470,0.350465,2.534768
378,1,2446,0.364955,2.533410
379,1,2450,0.365663,2.532733
380,1,2463,0.337860,2.533008
381,1,2273,0.328463,2.533159
382,1,2336,0.369285,2.533399
383,1,2393,0.331664,2.533359
384,1,2460,0.340599,2.533299
385,1,2449,0.343390,2.535047
386,1,2453,0.357499,2.533414
387,1,2419,0.370538,2.533783
388,1,2407,0.355293,2.535350
389,1,2475,0.342919,2.533885
390,1,2363,0.352604,2.534302
391,1,2353,0.329379,2.536504
392,1,2421,0.343507,2.535293
393,1,2365,0.356078,2.537316
394,1,2345,0.343840,2.538229
395,1,2466,0.323671,2.538270
396,1,2428,0.335534,2.538712
397,1,2352,0.350948,2.538418
398,1,2439,0.334975,2.540079
399,1,2435,0.326975,2.539332
400,1,2479,0.341450,2.538671
401,1,2331,0.313980,2.536704
402,1,2331,0.332762,2.536642
403,1,2433,0.356944,2.537223
404,1,2273,0.336273,2.537490
405,1,2420,0.360315,2.537487
406,1,2432,0.349612,2.538365
407,1,2477,0.347661,2.537434
408,1,2464,0.342048,2.537102
409,1,2369,0.340690,2.535848
410,1,2574,0.348350,2.536713
411,1,2426,0.332235,2.536144
412,1,2427,0.333516,2.536949
413,1,2445,0.344145,2.538455
414,1,2413,0.333149,2.537632
415,1,2424,0.338487,2.536973
416,1,2387,0.346306,2.535650
417,1,2419,0.382286,2.536592
418,1,2334,0.343696,2.535205
419,1,2423,0.344617,2.537186
420,1,2399,0.350028,2.537605
421,1,2555,0.357598,2.537206
422,1,2340,0.354167,2.538093
423,1,2329,0.341590,2.538591
424,1,2436,0.316045,2.537063
425,1,2468,0.352329,2.534904
426,1,2396,0.346067,2.535506
427,1,2536,0.356150,2.533930
428,1,2428,0.354911,2.533979
429,1,2437,0.337541,2.533908
430,1,2396,0.367580,2.534482
431,1,2418,0.333701,2.535729
432,1,2381,0.334641,2.537134
433,1,2446,0.355876,2.537741
434,1,2519,0.345620,2.541079
435,1,2492,0.349946,2.537755
436,1,2551,0.381159,2.537440
437,1,2305,0.355882,2.537722
438,1,2478,0.318085,2.538012
439,1,2425,0.337562,2.537797
440,1,2416,0.348214,2.535208
441,1,2453,0.346323,2.536359
442,1,2445,0.369748,2.535791
443,1,2423,0.343126,2.534468
444,1,2479,0.343631,2.533405
445,1,2350,0.335986,2.533845
446,1,2499,0.347896,2.534866
447,1,2452,0.325405,2.534875
448,1,2406,0.370940,2.535517
449,1,2357,0.367963,2.534819
450,1,2507,0.329268,2.535088
451,1,2535,0.368791,2.538992
452,1,2352,0.317647,2.540375
453,1,2473,0.342562,2.539018
454,1,2415,0.349162,2.538373
455,1,2450,0.358846,2.536736
456,1,2482,0.341622,2.537417
457,1,2457,0.385006,2.538123
458,1,2434,0.354480,2.538242
459,1,2454,0.382535,2.539199
460,1,2438,0.349198,2.542170
461,1,2336,0.328783,2.543941
462,1,2372,0.335586,2.543123
463,1,2495,0.362643,2.543896
464,1,2431,0.347561,2.542924
465,1,2419,0.345384,2.541821
466,1,2451,0.313505,2.544083
467,1,2443,0.316272,2.544062
468,1,2443,0.346005,2.545257
469,1,2426,0.369074,2.546230
470,1,2310,0.353251,2.545066
471,1,2401,0.330194,2.544578
472,1,2353,0.338453,2.543496
473,1,2415,0.326194,2.544088
474,1,2396,0.368361,2.544528
475,1,2449,0.372758,2.544319
476,1,2401,0.353439,2.544021
477,1,2499,0.337079,2.544953
478,1,2536,0.337553,2.545129
479,1,2440,0.360848,2.544552
480,1,2254,0.337685,2.541800
481,1,2402,0.347168,2.541656
482,1,2408,0.362762,2.541687
483,1,2467,0.364491,2.538082
484,1,2397,0.393605,2.539624
485,1,2351,0.335037,2.542010
486,1,2498,0.368018,2.543368
487,1,2384,0.334826,2.544263
488,1,2458,0.351292,2.543515
489,1,2505,0.356253,2.542633
490,1,2316,0.315909,2.545029
491,1,2361,0.357677,2.545961
492,1,2475,0.358397,2.545607
493,1,2413,0.331678,2.544444
494,1,2515,0.294390,2.543185
495,1,2419,0.326206,2.542092
496,1,2457,0.340426,2.541237
497,1,2469,0.344771,2.542772
498,1,2474,0.354132,2.541737
499,1,2412,0.342237,2.542728
500,1,2437,0.351636,2.542255
501,2,1981,0.648087,2.080652
502,2,2060,0.668016,2.086233
503,2,2103,0.648119,2.093933
504,2,2038,0.646204,2.099159
505,2,2021,0.602696,2.102029
506,2,2076,0.619345,2.106957
507,2,2000,0.640689,2.111690
508,2,2053,0.639776,2.118607
509,2,2022,0.656020,2.123256
510,2,1937,0.568421,2.125790
511,2,2061,0.556647,2.130761
512,2,2059,0.660484,2.134633
513,2,1928,0.544872,2.139747
514,2,2030,0.611111,2.143091
515,2,1946,0.584691,2.146230
516,2,1940,0.609959,2.149877
517,2,2090,0.565543,2.154992
518,2,2141,0.561634,2.159576
519,2,2059,0.563402,2.165784
520,2,2133,0.613464,2.170219
521,2,2035,0.645109,2.174864
522,2,2166,0.547143,2.180382
523,2,2056,0.561124,2.187217
524,2,2148,0.508427,2.189852
525,2,2040,0.550152,2.197023
526,2,2182,0.508990,2.202286
527,2,2206,0.549157,2.209119
528,2,2131,0.525412,2.211836
529,2,2145,0.505263,2.220995
530,2,2138,0.512023,2.227355
531,2,2183,0.474004,2.233055
532,2,2114,0.518678,2.238308
533,2,2136,0.474120,2.246506
534,2,2108,0.534207,2.250413
535,2,2112,0.511811,2.256694
536,2,2228,0.495302,2.260994
537,2,2190,0.482735,2.267183
538,2,2138,0.478562,2.272308
539,2,2122,0.462440,2.281638
540,2,2201,0.461487,2.285542
541,2,2188,0.449007,2.289322
542,2,2317,0.485256,2.295940
543,2,2206,0.446557,2.299664
544,2,2287,0.439270,2.305329
545,2,2181,0.462777,2.310425
546,2,2171,0.459005,2.317567
547,2,2181,0.418075,2.324298
548,2,2190,0.421155,2.328098
549,2,2286,0.395604,2.331423
550,2,2237,0.431222,2.339049
551,2,2159,0.460758,2.345186
552,2,2326,0.417428,2.348727
553,2,2280,0.430364,2.356150
554,2,2213,0.392700,2.364010
555,2,2230,0.413181,2.374048
556,2,2264,0.376292,2.379126
557,2,2245,0.390954,2.387298
558,2,2210,0.385580,2.391365
559,2,2285,0.338606,2.393413
560,2,2332,0.342545,2.399927
561,2,2372,0.368725,2.401979
562,2,2386,0.348785,2.406955
563,2,2265,0.341030,2.411560
564,2,2264,0.367150,2.416602
565,2,2415,0.369824,2.421386
566,2,2390,0.361823,2.423538
567,2,2298,0.332174,2.425540
568,2,2281,0.344929,2.429254
569,2,2368,0.335589,2.432608
570,2,2393,0.355040,2.432021
571,2,2247,0.347930,2.433891
572,2,2339,0.323712,2.440133
573,2,2297,0.356763,2.443770
574,2,2391,0.351611,2.445102
575,2,2330,0.338311,2.446897
576,2,2324,0.310773,2.451401
577,2,2342,0.312780,2.451768
578,2,2349,0.322635,2.455781
579,2,2329,0.336969,2.457402
580,2,2376,0.335582,2.458082
581,2,2324,0.361453,2.460368
582,2,2192,0.334145,2.463408
583,2,2437,0.306702,2.463056
584,2,2303,0.298196,2.464270
585,2,2382,0.347285,2.463820
586,2,2341,0.350058,2.462285
587,2,2382,0.336700,2.462999
588,2,2474,0.343105,2.463405
589,2,2341,0.318873,2.463319
590,2,2299,0.318234,2.465827
591,2,2326,0.330664,2.465900
592,2,2292,0.312715,2.466147
593,2,2349,0.311558,2.465628
594,2,2299,0.312964,2.466433
595,2,2481,0.316879,2.467590
596,2,2422,0.313449,2.467815
597,2,2328,0.330286,2.469434
598,2,2352,0.316172,2.470515
599,2,2323,0.316893,2.470531
600,2,2358,0.340534,2.471878
601,2,2395,0.310892,2.470708
602,2,2398,0.316859,2.469913
603,2,2288,0.353046,2.471031
604,2,2252,0.328614,2.471297
605,2,2277,0.303377,2.473597
606,2,2378,0.315265,2.473772
607,2,2316,0.312925,2.472955
608,2,2384,0.300600,2.474288
609,2,2283,0.331972,2.474923
610,2,2443,0.321255,2.475084
611,2,2458,0.325067,2.474285
612,2,2424,0.332600,2.474576
613,2,2424,0.361033,2.474040
614,2,2307,0.335069,2.474379
615,2,2344,0.341729,2.473300
616,2,2390,0.351810,2.470845
617,2,2308,0.327963,2.472387
618,2,2381,0.330911,2.474153
619,2,2321,0.318001,2.474464
620,2,2390,0.362600,2.474594
621,2,2399,0.350028,2.476399
622,2,2449,0.311028,2.478125
623,2,2415,0.316794,2.479590
624,2,2379,0.326827,2.479008
625,2,2432,0.309639,2.475987
626,2,2416,0.335544,2.476079
627,2,2372,0.331836,2.479493
628,2,2416,0.323836,2.479931
629,2,2337,0.324079,2.482628
630,2,2365,0.309524,2.483900
631,2,2389,0.296256,2.484540
632,2,2392,0.320817,2.486347
633,2,2408,0.315847,2.489917
634,2,2381,0.314018,2.490334
635,2,2413,0.339811,2.492048
636,2,2318,0.315551,2.494233
637,2,2399,0.307357,2.495591
638,2,2418,0.316277,2.498179
639,2,2292,0.310463,2.497795
640,2,2408,0.307275,2.500237
641,2,2329,0.343912,2.501416
642,2,2434,0.316387,2.503196
643,2,2369,0.303797,2.505876
644,2,2377,0.338401,2.507109
645,2,2374,0.290217,2.506527
646,2,2321,0.302469,2.508078
647,2,2422,0.287613,2.507241
648,2,2436,0.295056,2.507583
649,2,2490,0.278234,2.505465
650,2,2394,0.321192,2.505216
651,2,2377,0.291848,2.509316
652,2,2407,0.286478,2.508082
653,2,2293,0.296946,2.511300
654,2,2394,0.315385,2.510889
655,2,2410,0.282597,2.511026
656,2,2429,0.285185,2.509599
657,2,2412,0.287086,2.510839
658,2,2479,0.300630,2.513444
659,2,2503,0.300260,2.514824
660,2,2430,0.307154,2.515558
661,2,2343,0.319257,2.516459
662,2,2522,0.286735,2.513991
663,2,2354,0.279348,2.515310
664,2,2387,0.284715,2.515673
665,2,2369,0.308117,2.515874
666,2,2273,0.286361,2.517425
667,2,2400,0.286863,2.518850
668,2,2341,0.291943,2.520338
669,2,2407,0.295479,2.521030
670,2,2542,0.283838,2.521262
671,2,2400,0.272534,2.521725
672,2,2450,0.274051,2.520917
673,2,2380,0.301258,2.521349
674,2,2436,0.311793,2.521838
675,2,2338,0.304688,2.520943
676,2,2503,0.301612,2.520539
677,2,2440,0.271496,2.520756
678,2,2404,0.286938,2.521040
679,2,2394,0.280214,2.521197
680,2,2373,0.284091,2.520093
681,2,2372,0.299014,2.523359
682,2,2474,0.289885,2.524364
683,2,2477,0.273522,2.521409
684,2,2417,0.289067,2.520437
685,2,2381,0.303943,2.519879
686,2,2338,0.280394,2.519766
687,2,2348,0.305170,2.520423
688,2,2322,0.285714,2.519745
689,2,2464,0.303704,2.521961
690,2,2349,0.274552,2.521493
691,2,2454,0.278791,2.521104
692,2,2464,0.321180,2.522198
693,2,2278,0.279775,2.522043
694,2,2438,0.309345,2.518875
695,2,2342,0.293923,2.519029
696,2,2441,0.308146,2.521772
697,2,2424,0.284579,2.523632
698,2,2392,0.311404,2.524733
699,2,2504,0.291387,2.526609
700,2,2396,0.282655,2.526484
701,2,2458,0.286238,2.526746
702,2,2442,0.295491,2.525198
703,2,2378,0.258201,2.525364
704,2,2364,0.285481,2.524385
705,2,2505,0.321203,2.523830
706,2,2480,0.299790,2.524859
707,2,2419,0.275844,2.526912
708,2,2459,0.277403,2.527209
709,2,2390,0.280129,2.527880
710,2,2497,0.312139,2.528665
711,2,2422,0.282160,2.526954
712,2,2326,0.290072,2.526969
713,2,2458,0.301218,2.523546
714,2,2407,0.278279,2.523538
715,2,2389,0.268047,2.523168
716,2,2452,0.279749,2.522701
717,2,2340,0.314607,2.520731
718,2,2322,0.295759,2.520119
719,2,2282,0.290724,2.521113
720,2,2465,0.313966,2.520558
721,2,2431,0.304185,2.520571
722,2,2327,0.274370,2.521149
723,2,2458,0.278876,2.524049
724,2,2396,0.290253,2.525172
725,2,2413,0.292448,2.526689
726,2,2411,0.279045,2.524211
727,2,2373,0.277180,2.522150
728,2,2411,0.261643,2.522194
729,2,2298,0.321449,2.520739
730,2,2392,0.297884,2.519699
731,2,2498,0.292292,2.520073
732,2,2389,0.281652,2.519868
733,2,2405,0.287473,2.521166
734,2,2369,0.306674,2.521643
735,2,2444,0.301384,2.520118
736,2,2370,0.284553,2.519200
737,2,2383,0.277063,2.519487
738,2,2341,0.260635,2.519325
739,2,2456,0.264676,2.521282
740,2,2413,0.297312,2.524044
741,2,2389,0.293449,2.525375
742,2,2398,0.294118,2.524493
743,2,2444,0.281594,2.525040
744,2,2529,0.301595,2.524773
745,2,2477,0.274177,2.524659
746,2,2444,0.268951,2.523493
747,2,2336,0.265439,2.522675
748,2,2496,0.278034,2.522181
749,2,2410,0.295699,2.522346
750,2,2369,0.288901,2.525026
751,2,2486,0.302253,2.525492
752,2,2402,0.288627,2.525173
753,2,2341,0.276445,2.525644
754,2,2434,0.267048,2.526963
755,2,2460,0.274611,2.528142
756,2,2314,0.285556,2.527694
757,2,2372,0.265742,2.526654
758,2,2420,0.285866,2.525778
759,2,2372,0.294053,2.524935
760,2,2550,0.285930,2.525661
761,2,2483,0.281879,2.526895
762,2,2428,0.267885,2.527907
763,2,2450,0.286765,2.527874
764,2,2413,0.282828,2.528095
765,2,2388,0.300654,2.529936
766,2,2412,0.263489,2.529288
767,2,2348,0.274010,2.530777
768,2,2386,0.236910,2.531286
769,2,2430,0.289125,2.533841
770,2,2446,0.301064,2.533153
771,2,2541,0.262295,2.534373
772,2,2440,0.270172,2.537244
773,2,2342,0.257112,2.537472
774,2,2443,0.279058,2.536411
775,2,2387,0.270357,2.536774
776,2,2391,0.271132,2.536889
777,2,2394,0.257353,2.536530
778,2,2449,0.273531,2.533848
779,2,2510,0.282575,2.532640
780,2,2495,0.292077,2.532352
781,2,2517,0.263554,2.532455
782,2,2383,0.290200,2.532562
783,2,2385,0.270645,2.531688
784,2,2408,0.284952,2.532224
785,2,2397,0.254317,2.532252
786,2,2391,0.286175,2.531009
787,2,2408,0.260073,2.534472
788,2,2410,0.273111,2.535373
789,2,2403,0.298217,2.536703
790,2,2383,0.256194,2.536007
791,2,2379,0.293638,2.536427
792,2,2346,0.281267,2.534712
793,2,2364,0.301046,2.533143
794,2,2467,0.253557,2.533147
795,2,2455,0.260914,2.533277
796,2,2514,0.275495,2.531803
797,2,2364,0.286881,2.529499
798,2,2476,0.290928,2.529613
799,2,2437,0.271257,2.530061
800,2,2451,0.284591,2.531080
801,2,2378,0.281250,2.530637
802,2,2433,0.266528,2.531388
803,2,2390,0.287716,2.530785
804,2,2393,0.267479,2.529878
805,2,2460,0.246201,2.528677
806,2,2441,0.275340,2.529658
807,2,2380,0.292074,2.531382
808,2,2375,0.303513,2.532389
809,2,2381,0.280796,2.532430
810,2,2478,0.259146,2.533103
811,2,2419,0.283970,2.534636
812,2,2445,0.288198,2.536549
813,2,2407,0.282365,2.536383
814,2,2424,0.263816,2.539231
815,2,2416,0.288533,2.538419
816,2,2414,0.284726,2.539084
817,2,2445,0.260309,2.541110
818,2,2470,0.267967,2.540773
819,2,2439,0.274295,2.542000
820,2,2438,0.277108,2.539011
821,2,2517,0.273785,2.536907
822,2,2436,0.283456,2.535159
823,2,2366,0.302863,2.533810
824,2,2466,0.265264,2.533826
825,2,2347,0.283215,2.535105
826,2,2362,0.265809,2.536999
827,2,2395,0.278697,2.537833
828,2,2430,0.266285,2.536958
829,2,2443,0.291226,2.537120
830,2,2400,0.247401,2.536315
831,2,2397,0.275679,2.537689
832,2,2377,0.275215,2.535523
833,2,2386,0.249215,2.535566
834,2,2360,0.284703,2.537963
835,2,2506,0.277268,2.535848
836,2,2461,0.291186,2.538079
837,2,2480,0.262729,2.536885
838,2,2393,0.280364,2.536208
839,2,2359,0.292603,2.534650
840,2,2495,0.258195,2.534042
841,2,2391,0.255118,2.533174
842,2,2438,0.305838,2.532737
843,2,2454,0.299100,2.534258
844,2,2514,0.284619,2.532232
845,2,2362,0.269210,2.531864
846,2,2323,0.292710,2.534005
847,2,2440,0.297182,2.532847
848,2,2391,0.272485,2.531310
849,2,2426,0.269492,2.531176
850,2,2355,0.281284,2.530978
851,2,2384,0.288649,2.531144
852,2,2487,0.299373,2.531656
853,2,2398,0.293420,2.531500
854,2,2435,0.292463,2.531767
855,2,2442,0.276529,2.531872
856,2,2422,0.281481,2.532080
857,2,2328,0.294052,2.531272
858,2,2414,0.292291,2.529860
859,2,2278,0.278339,2.532031
860,2,2481,0.298953,2.530146
861,2,2466,0.288401,2.529473
862,2,2455,0.261562,2.529468
863,2,2437,0.281957,2.529898
864,2,2448,0.289100,2.529594
865,2,2357,0.290093,2.530290
866,2,2436,0.311793,2.531366
867,2,2534,0.267000,2.534076
868,2,2481,0.285492,2.533300
869,2,2357,0.261777,2.533608
870,2,2451,0.300265,2.533942
871,2,2513,0.282797,2.535142
872,2,2375,0.281014,2.532958
873,2,2360,0.289617,2.533953
874,2,2354,0.264911,2.535395
875,2,2445,0.284813,2.534784
876,2,2465,0.271930,2.537010
877,2,2499,0.284173,2.537046
878,2,2481,0.278207,2.538983
879,2,2431,0.256331,2.537608
880,2,2357,0.294344,2.537113
881,2,2454,0.274143,2.536190
882,2,2464,0.299578,2.535800
883,2,2428,0.283298,2.536906
884,2,2412,0.276866,2.538970
885,2,2398,0.277571,2.538742
886,2,2435,0.269552,2.539906
887,2,2496,0.291925,2.539134
888,2,2400,0.289629,2.539187
889,2,2480,0.306639,2.540948
890,2,2567,0.300405,2.543401
891,2,2518,0.301965,2.542513
892,2,2440,0.283535,2.541977
893,2,2394,0.304632,2.541798
894,2,2475,0.277749,2.540259
895,2,2460,0.303657,2.540086
896,2,2492,0.285862,2.540128
897,2,2465,0.302166,2.538757
898,2,2533,0.291030,2.540684
899,2,2414,0.265199,2.539013
900,2,2480,0.310090,2.538455
901,2,2384,0.264051,2.539096
902,2,2538,0.283763,2.536906
903,2,2465,0.286534,2.536595
904,2,2373,0.286876,2.538894
905,2,2466,0.292453,2.537812
906,2,2426,0.274829,2.537694
907,2,2389,0.284409,2.535589
908,2,2461,0.293221,2.536364
909,2,2438,0.288584,2.534816
910,2,2415,0.284574,2.533637
911,2,2493,0.279117,2.532997
912,2,2311,0.278208,2.533224
913,2,2359,0.305479,2.532718
914,2,2405,0.300000,2.532460
915,2,2388,0.278373,2.531503
916,2,2425,0.274974,2.531976
917,2,2479,0.322133,2.532892
918,2,2484,0.294424,2.531152
919,2,2432,0.306122,2.531817
920,2,2473,0.302264,2.530655
921,2,2500,0.267748,2.530052
922,2,2421,0.302313,2.530156
923,2,2518,0.289299,2.529587
924,2,2384,0.259377,2.531650
925,2,2379,0.325348,2.532061
926,2,2503,0.272496,2.531455
927,2,2540,0.287380,2.532185
928,2,2416,0.287846,2.532950
929,2,2410,0.275807,2.532128
930,2,2376,0.270588,2.531315
931,2,2426,0.307817,2.532191
932,2,2440,0.293058,2.531131
933,2,2428,0.274541,2.530000
934,2,2442,0.291380,2.531567
935,2,2505,0.297255,2.532010
936,2,2525,0.283028,2.532723
937,2,2406,0.302653,2.532499
938,2,2436,0.278069,2.532118
939,2,2395,0.291802,2.531336
940,2,2419,0.304747,2.530673
941,2,2445,0.298460,2.532527
942,2,2416,0.294055,2.533268
943,2,2429,0.290648,2.533452
944,2,2406,0.316193,2.531849
945,2,2403,0.308824,2.530766
946,2,2320,0.331038,2.531333
947,2,2488,0.306723,2.529840
948,2,2364,0.328090,2.528964
949,2,2467,0.298421,2.528532
950,2,2438,0.321409,2.530221
951,2,2391,0.298751,2.532214
952,2,2351,0.333522,2.531171
953,2,2367,0.291326,2.530628
954,2,2373,0.311774,2.531003
955,2,2398,0.303261,2.529106
956,2,2341,0.299112,2.530081
957,2,2450,0.288118,2.531288
958,2,2519,0.307892,2.531075
959,2,2396,0.305722,2.528776
960,2,2388,0.304205,2.531203
961,2,2379,0.292232,2.532972
962,2,2388,0.311367,2.530899
963,2,2468,0.296218,2.531830
964,2,2474,0.292581,2.530601
965,2,2425,0.300966,2.531098
966,2,2463,0.307325,2.535552
967,2,2369,0.274341,2.535676
968,2,2433,0.288665,2.537572
969,2,2378,0.279871,2.537950
970,2,2473,0.284008,2.538565
971,2,2438,0.297499,2.538840
972,2,2384,0.280344,2.538154
973,2,2523,0.287902,2.536669
974,2,2515,0.296392,2.535944
975,2,2393,0.303377,2.536151
976,2,2421,0.287081,2.536620
977,2,2488,0.290456,2.538153
978,2,2421,0.294652,2.540331
979,2,2463,0.298366,2.538133
980,2,2520,0.289662,2.538265
981,2,2322,0.289284,2.539686
982,2,2379,0.288732,2.541257
983,2,2419,0.281250,2.540739
984,2,2464,0.288029,2.540430
985,2,2469,0.262270,2.541102
986,2,2404,0.279404,2.542719
987,2,2337,0.274264,2.543115
988,2,2441,0.307445,2.542079
989,2,2457,0.281690,2.540574
990,2,2606,0.310865,2.539550
991,2,2337,0.262561,2.541344
992,2,2487,0.309637,2.540221
993,2,2479,0.297906,2.540632
994,2,2388,0.286638,2.539656
995,2,2446,0.266701,2.539408
996,2,2360,0.306755,2.537819
997,2,2337,0.301950,2.538358
998,2,2394,0.310345,2.539106
999,2,2367,0.300549,2.539939
1000,2,2364,0.296053,2.540770
1001,3,1671,0.608277,1.721536
1002,3,1679,0.609779,1.723703
1003,3,1587,0.585415,1.727076
1004,3,1678,0.569691,1.728298
1005,3,1714,0.604869,1.730842
1006,3,1727,0.597595,1.733672
1007,3,1630,0.633267,1.736941
1008,3,1683,0.592242,1.740736
1009,3,1683,0.616715,1.740606
1010,3,1627,0.588867,1.743853
1011,3,1634,0.586408,1.743856
1012,3,1680,0.561338,1.747646
1013,3,1803,0.595575,1.750264
1014,3,1615,0.535171,1.751856
1015,3,1654,0.588857,1.755632
1016,3,1680,0.581921,1.757411
1017,3,1631,0.528585,1.758040
1018,3,1673,0.565014,1.758892
1019,3,1666,0.583650,1.763391
1020,3,1579,0.571144,1.766711
1021,3,1592,0.533719,1.768736
1022,3,1694,0.523381,1.769693
1023,3,1752,0.550442,1.770531
1024,3,1750,0.512532,1.771002
1025,3,1650,0.533457,1.773898
1026,3,1800,0.578947,1.776081
1027,3,1676,0.501792,1.777727
1028,3,1699,0.570240,1.778567
1029,3,1658,0.477718,1.779318
1030,3,1549,0.468246,1.781486
1031,3,1753,0.525675,1.784558
1032,3,1774,0.525365,1.786170
1033,3,1700,0.486014,1.790243
1034,3,1664,0.496403,1.791122
1035,3,1734,0.501299,1.792630
1036,3,1744,0.444905,1.791637
1037,3,1742,0.488889,1.793342
1038,3,1656,0.513711,1.794513
1039,3,1777,0.464963,1.794658
1040,3,1729,0.487952,1.796218
1041,3,1725,0.513158,1.798391
1042,3,1678,0.474517,1.801346
1043,3,1743,0.456140,1.803138
1044,3,1758,0.512909,1.806352
1045,3,1669,0.443772,1.808060
1046,3,1749,0.459933,1.806998
1047,3,1727,0.495238,1.809168
1048,3,1724,0.493934,1.812863
1049,3,1722,0.536128,1.814393
1050,3,1802,0.474632,1.815393
1051,3,1729,0.461538,1.816012
1052,3,1674,0.468421,1.816442
1053,3,1763,0.497876,1.816449
1054,3,1691,0.499113,1.815807
1055,3,1687,0.469512,1.818174
1056,3,1743,0.459799,1.820197
1057,3,1725,0.468085,1.821109
1058,3,1732,0.450586,1.822088
1059,3,1780,0.406003,1.823902
1060,3,1753,0.434534,1.825088
1061,3,1690,0.427365,1.827289
1062,3,1732,0.427865,1.829182
1063,3,1774,0.431800,1.827714
1064,3,1797,0.456240,1.829666
1065,3,1736,0.432343,1.830793
1066,3,1763,0.467943,1.832996
1067,3,1728,0.435216,1.833300
1068,3,1751,0.464047,1.834181
1069,3,1780,0.429719,1.834762
1070,3,1835,0.459825,1.836281
1071,3,1787,0.431891,1.837974
1072,3,1770,0.420546,1.839639
1073,3,1781,0.464638,1.839375
1074,3,1779,0.428916,1.840758
1075,3,1747,0.426122,1.842325
1076,3,1774,0.418066,1.845281
1077,3,1784,0.410277,1.849529
1078,3,1783,0.430979,1.849831
1079,3,1803,0.435510,1.852184
1080,3,1768,0.399842,1.852618
1081,3,1722,0.441004,1.854425
1082,3,1796,0.376245,1.857138
1083,3,1696,0.424013,1.859348
1084,3,1811,0.399536,1.858732
1085,3,1808,0.428120,1.859494
1086,3,1745,0.417547,1.859393
1087,3,1800,0.440000,1.861770
1088,3,1746,0.410339,1.863953
1089,3,1735,0.437448,1.866488
1090,3,1724,0.417763,1.866477
1091,3,1845,0.411630,1.866588
1092,3,1810,0.446843,1.867820
1093,3,1744,0.391860,1.869458
1094,3,1771,0.430533,1.873507
1095,3,1823,0.432050,1.873763
1096,3,1793,0.400781,1.874561
1097,3,1918,0.433483,1.875944
1098,3,1795,0.375479,1.876426
1099,3,1792,0.416601,1.876273
1100,3,1807,0.408418,1.879121
1101,3,1828,0.424786,1.879776
1102,3,1864,0.375646,1.880494
1103,3,1822,0.429020,1.881015
1104,3,1808,0.441786,1.880964
1105,3,1775,0.409849,1.883302
1106,3,1702,0.421888,1.886943
1107,3,1803,0.429818,1.888044
1108,3,1859,0.430000,1.886018
1109,3,1927,0.435917,1.886746
1110,3,1763,0.440359,1.886055
1111,3,1768,0.451560,1.886147
1112,3,1815,0.413551,1.885591
1113,3,1779,0.381211,1.885774
1114,3,1861,0.419527,1.884882
1115,3,1758,0.425791,1.887066
1116,3,1819,0.428908,1.888621
1117,3,1896,0.410714,1.890273
1118,3,1785,0.374134,1.890344
1119,3,1831,0.378765,1.892245
1120,3,1738,0.395984,1.894826
1121,3,1794,0.411487,1.896532
1122,3,1887,0.404018,1.895226
1123,3,1853,0.424289,1.897182
1124,3,1801,0.408131,1.898104
1125,3,1826,0.432157,1.898994
1126,3,1737,0.429630,1.902608
1127,3,1824,0.381818,1.904074
1128,3,1767,0.435418,1.904916
1129,3,1849,0.393369,1.907166
1130,3,1813,0.382914,1.907643
1131,3,1817,0.412908,1.909612
1132,3,1848,0.405323,1.912918
1133,3,1793,0.368702,1.917889
1134,3,1790,0.408340,1.920359
1135,3,1840,0.409962,1.922676
1136,3,1814,0.365964,1.924526
1137,3,1857,0.367452,1.925770
1138,3,1873,0.372161,1.930273
1139,3,1797,0.389791,1.930810
1140,3,1856,0.402872,1.935114
1141,3,1891,0.396603,1.934101
1142,3,1799,0.388117,1.934425
1143,3,1839,0.411358,1.937264
1144,3,1873,0.409330,1.938146
1145,3,1853,0.365512,1.939709
1146,3,1819,0.374906,1.941434
1147,3,1891,0.381300,1.945711
1148,3,1868,0.406626,1.947997
1149,3,1869,0.379336,1.948703
1150,3,1896,0.394118,1.951025
1151,3,1825,0.370120,1.951731
1152,3,1841,0.393641,1.952789
1153,3,1794,0.413712,1.951483
1154,3,1796,0.351392,1.952551
1155,3,1883,0.333569,1.953586
1156,3,1807,0.398607,1.953974
1157,3,1832,0.352030,1.955542
1158,3,1907,0.360200,1.957184
1159,3,1845,0.358616,1.957382
1160,3,1907,0.377890,1.959522
1161,3,1830,0.379050,1.961994
1162,3,1941,0.410610,1.965210
1163,3,1971,0.329063,1.965238
1164,3,1903,0.392099,1.964587
1165,3,1888,0.380117,1.966262
1166,3,1881,0.387168,1.968939
1167,3,1802,0.366186,1.968009
1168,3,1849,0.375744,1.968200
1169,3,1905,0.372478,1.968109
1170,3,1976,0.365584,1.969770
1171,3,1903,0.390066,1.969081
1172,3,1863,0.365836,1.970552
1173,3,1877,0.389341,1.971019
1174,3,1858,0.341516,1.970981
1175,3,1821,0.390076,1.972521
1176,3,1873,0.369152,1.973858
1177,3,1924,0.363572,1.972819
1178,3,1820,0.369451,1.974850
1179,3,1820,0.379833,1.974873
1180,3,1897,0.376633,1.975455
1181,3,1884,0.335223,1.976916
1182,3,1948,0.349030,1.977405
1183,3,1894,0.366522,1.977194
1184,3,1929,0.323045,1.978823
1185,3,1770,0.346008,1.980073
1186,3,1866,0.332857,1.981510
1187,3,1921,0.361446,1.982740
1188,3,1834,0.382065,1.982576
1189,3,1935,0.382143,1.981256
1190,3,1953,0.367647,1.981928
1191,3,1963,0.398148,1.981971
1192,3,1847,0.383521,1.983405
1193,3,1895,0.387262,1.983963
1194,3,1873,0.393601,1.984748
1195,3,1948,0.377652,1.986300
1196,3,1923,0.368683,1.986898
1197,3,1891,0.363374,1.986079
1198,3,1926,0.398693,1.985834
1199,3,1948,0.369902,1.986305
1200,3,1940,0.349096,1.986378
1201,3,1890,0.406250,1.985890
1202,3,1888,0.401633,1.989132
1203,3,1852,0.357771,1.989128
1204,3,1929,0.387770,1.988802
1205,3,1839,0.336483,1.988358
1206,3,1910,0.350778,1.988934
1207,3,1880,0.349605,1.989719
1208,3,1906,0.346996,1.987416
1209,3,1887,0.345934,1.986298
1210,3,1943,0.368310,1.987400
1211,3,1947,0.392704,1.987648
1212,3,1789,0.356331,1.986872
1213,3,1836,0.327549,1.988736
1214,3,1913,0.402493,1.990986
1215,3,1896,0.364029,1.990837
1216,3,1930,0.372688,1.992568
1217,3,1869,0.358285,1.993314
1218,3,1930,0.344948,1.993420
1219,3,1845,0.359617,1.992389
1220,3,1820,0.332357,1.994125
1221,3,1908,0.351275,1.993087
1222,3,1934,0.351502,1.994533
1223,3,1963,0.352860,1.994243
1224,3,1856,0.336213,1.996098
1225,3,1900,0.345609,1.996970
1226,3,1894,0.372464,1.996943
1227,3,1940,0.331503,1.997161
1228,3,1891,0.353615,1.996715
1229,3,1911,0.330780,1.997845
1230,3,1892,0.354331,1.997989
1231,3,1835,0.393318,1.998489
1232,3,1898,0.339450,2.000474
1233,3,1893,0.364816,2.000372
1234,3,1851,0.330697,2.000309
1235,3,1903,0.338256,2.001113
1236,3,1935,0.378205,2.000633
1237,3,1857,0.369469,2.000965
1238,3,1973,0.367290,1.998219
1239,3,1914,0.343158,1.996660
1240,3,1822,0.331871,1.999326
1241,3,1920,0.351161,1.998407
1242,3,1874,0.375918,1.998498
1243,3,1950,0.334702,1.999023
1244,3,1896,0.343728,1.998634
1245,3,1905,0.324757,1.999675
1246,3,1966,0.315050,2.000931
1247,3,1959,0.334469,2.002000
1248,3,1858,0.351273,1.999443
1249,3,1862,0.327156,2.000317
1250,3,1952,0.362177,2.001822
1251,3,1826,0.315562,2.001813
1252,3,2001,0.376204,2.001470
1253,3,1899,0.342049,2.000919
1254,3,1958,0.346630,2.000309
1255,3,1948,0.334247,2.000161
1256,3,1911,0.355319,2.000065
1257,3,1935,0.357895,2.000433
1258,3,1995,0.377762,2.000668
1259,3,1881,0.338790,2.000467
1260,3,1869,0.334047,1.998450
1261,3,1941,0.349791,1.998091
1262,3,1947,0.374030,1.998332
1263,3,1915,0.395773,1.998648
1264,3,1986,0.371547,1.998654
1265,3,1861,0.369389,1.997605
1266,3,1871,0.342181,1.998738
1267,3,1905,0.335905,1.998345
1268,3,1877,0.360145,1.999110
1269,3,1879,0.370532,1.999225
1270,3,1903,0.352523,2.001451
1271,3,1823,0.327749,2.001342
1272,3,1973,0.362569,2.001296
1273,3,1997,0.326910,2.001727
1274,3,1866,0.335719,2.001231
1275,3,1878,0.377843,2.003426
1276,3,1993,0.347532,2.002609
1277,3,1946,0.354210,2.003376
1278,3,1844,0.345985,2.002834
1279,3,1891,0.338287,2.003091
1280,3,1921,0.341480,2.002620
1281,3,1952,0.314478,2.002594
1282,3,1934,0.327385,2.002004
1283,3,1941,0.351671,2.002905
1284,3,1933,0.334023,2.001783
1285,3,1851,0.356044,2.001626
1286,3,1898,0.335679,2.002809
1287,3,1920,0.327801,2.002659
1288,3,1970,0.354883,2.002243
1289,3,2020,0.342193,2.002028
1290,3,1910,0.331939,2.000042
1291,3,1888,0.324912,2.001460
1292,3,1927,0.333564,1.999632
1293,3,1922,0.320055,2.000347
1294,3,1964,0.323450,2.001853
1295,3,1943,0.321769,2.001059
1296,3,1940,0.312585,2.000381
1297,3,1818,0.344675,2.002748
1298,3,1946,0.326517,2.003467
1299,3,1879,0.349856,2.004173
1300,3,1840,0.306818,2.005289
1301,3,1974,0.355769,2.005991
1302,3,2023,0.348667,2.004600
1303,3,1893,0.339703,2.005329
1304,3,1887,0.327938,2.006482
1305,3,1904,0.351313,2.006039
1306,3,1864,0.352685,2.007040
1307,3,1957,0.293457,2.007429
1308,3,1918,0.341259,2.007217
1309,3,1905,0.326602,2.006929
1310,3,1995,0.310775,2.006757
1311,3,1992,0.345946,2.005913
1312,3,2018,0.351641,2.006806
1313,3,1913,0.321133,2.005154
1314,3,1921,0.355681,2.005374
1315,3,1932,0.328748,2.004903
1316,3,1919,0.321625,2.003728
1317,3,1988,0.350543,2.003036
1318,3,1976,0.344218,2.004229
1319,3,1903,0.351562,2.002800
1320,3,1942,0.339310,2.002257
1321,3,1942,0.347675,2.000362
1322,3,1916,0.338924,2.000028
1323,3,1826,0.337729,1.998857
1324,3,1938,0.355245,1.998485
1325,3,1898,0.335679,1.998352
1326,3,1913,0.382225,1.997626
1327,3,1925,0.345213,1.996122
1328,3,1914,0.345046,1.994774
1329,3,1915,0.380678,1.994250
1330,3,2006,0.370219,1.993663
1331,3,2005,0.337558,1.992889
1332,3,1955,0.340878,1.994666
1333,3,1859,0.318440,1.994862
1334,3,1927,0.351332,1.996044
1335,3,1950,0.370344,1.995912
1336,3,1908,0.372662,1.996497
1337,3,1934,0.368719,1.995847
1338,3,1887,0.348821,1.995755
1339,3,1917,0.319339,1.995100
1340,3,1877,0.355235,1.993927
1341,3,1977,0.361570,1.992866
1342,3,1900,0.360057,1.993288
1343,3,1782,0.344906,1.989480
1344,3,1798,0.347826,1.989824
1345,3,1948,0.317997,1.991558
1346,3,1968,0.366667,1.993404
1347,3,1986,0.316103,1.995411
1348,3,1897,0.363767,1.994310
1349,3,1896,0.353319,1.993674
1350,3,1879,0.319522,1.993629
1351,3,1859,0.361905,1.992909
1352,3,1881,0.368996,1.995288
1353,3,1860,0.326676,1.996064
1354,3,1935,0.331727,1.995529
1355,3,1866,0.312236,1.994443
1356,3,1904,0.343684,1.996630
1357,3,1856,0.344928,1.997046
1358,3,1856,0.353756,1.995813
1359,3,1926,0.355384,1.995989
1360,3,1908,0.350318,1.994292
1361,3,1870,0.332858,1.993380
1362,3,1944,0.344398,1.994352
1363,3,1875,0.349892,1.997308
1364,3,1923,0.356135,1.997464
1365,3,1848,0.352855,1.996093
1366,3,1920,0.318681,1.996135
1367,3,1960,0.343386,1.996453
1368,3,1944,0.335165,1.997096
1369,3,1924,0.338900,1.998914
1370,3,1954,0.325644,1.999729
1371,3,1960,0.320755,1.999925
1372,3,1844,0.301341,2.000228
1373,3,1961,0.348693,1.999987
1374,3,1951,0.357690,1.998508
1375,3,1878,0.305073,1.998103
1376,3,1988,0.357924,1.996920
1377,3,1895,0.350677,1.998019
1378,3,1873,0.333096,1.999453
1379,3,1937,0.335862,1.997880
1380,3,1972,0.329737,1.998522
1381,3,1907,0.335434,1.999042
1382,3,1879,0.339273,1.998866
1383,3,1863,0.349022,1.998167
1384,3,1952,0.347136,1.999128
1385,3,1926,0.313779,1.997931
1386,3,1920,0.336117,1.998525
1387,3,1867,0.382963,1.998075
1388,3,1929,0.364215,1.998967
1389,3,1954,0.341112,1.997714
1390,3,1824,0.362211,1.997526
1391,3,1928,0.306233,1.998539
1392,3,1874,0.310490,1.999418
1393,3,1872,0.311843,1.999745
1394,3,1875,0.346016,1.998747
1395,3,1871,0.368691,1.998642
1396,3,1908,0.347458,1.998548
1397,3,1882,0.367733,2.000208
1398,3,1890,0.341377,2.000625
1399,3,1904,0.350355,1.999811
1400,3,1975,0.346285,1.999922
1401,3,1930,0.333794,2.001249
1402,3,1881,0.341655,2.001261
1403,3,1914,0.331942,2.000509
1404,3,1835,0.345308,2.001640
1405,3,1886,0.336641,2.001332
1406,3,1848,0.347921,2.000623
1407,3,1927,0.352281,2.000641
1408,3,1908,0.367742,2.002561
1409,3,1966,0.362439,2.002187
1410,3,2005,0.347446,2.001098
1411,3,1982,0.360329,1.999160
1412,3,1796,0.349361,1.998775
1413,3,1918,0.324586,1.999255
1414,3,1896,0.361091,1.998631
1415,3,1838,0.334786,1.997166
1416,3,1884,0.351506,1.995518
1417,3,1916,0.373477,1.996109
1418,3,1924,0.367448,1.995053
1419,3,1920,0.360737,1.996615
1420,3,1966,0.315050,1.996788
1421,3,1815,0.347439,1.998021
1422,3,1949,0.355355,1.998901
1423,3,1912,0.340813,1.999445
1424,3,1908,0.334266,1.998598
1425,3,1910,0.377073,1.998619
1426,3,1919,0.331714,1.999760
1427,3,1869,0.327415,2.000515
1428,3,1935,0.359803,2.001403
1429,3,1869,0.337867,2.003122
1430,3,1983,0.350817,2.004141
1431,3,1917,0.358611,2.004640
1432,3,1851,0.341304,2.003338
1433,3,1941,0.322207,2.003712
1434,3,1826,0.364723,2.004277
1435,3,1961,0.334922,2.004263
1436,3,1971,0.348153,2.004699
1437,3,1940,0.364276,2.005317
1438,3,1917,0.332175,2.004504
1439,3,1980,0.358025,2.005079
1440,3,1918,0.370979,2.006165
1441,3,1892,0.377001,2.006536
1442,3,1857,0.322650,2.003394
1443,3,1915,0.335425,2.002607
1444,3,1965,0.322342,2.002899
1445,3,1965,0.333107,2.002692
1446,3,1850,0.349380,2.001293
1447,3,1890,0.359712,2.001622
1448,3,1974,0.348361,2.001318
1449,3,1937,0.339557,2.001850
1450,3,1880,0.360347,2.001471
1451,3,1903,0.343927,2.001780
1452,3,1871,0.352856,2.001441
1453,3,1935,0.362676,2.002266
1454,3,1923,0.384449,2.004506
1455,3,1862,0.338605,2.003164
1456,3,1913,0.321133,2.002311
1457,3,1936,0.327846,2.001853
1458,3,1915,0.329861,2.002152
1459,3,1811,0.361654,2.002652
1460,3,1809,0.330147,2.001435
1461,3,1865,0.335960,2.002224
1462,3,1837,0.338921,2.001101
1463,3,1887,0.345934,2.000837
1464,3,1961,0.344993,2.001346
1465,3,1929,0.330345,2.000123
1466,3,1910,0.344124,1.999829
1467,3,1834,0.331881,1.997496
1468,3,1946,0.355153,1.998957
1469,3,1887,0.343060,2.000284
1470,3,1947,0.337225,1.999132
1471,3,2007,0.323006,1.999673
1472,3,1956,0.338809,1.999925
1473,3,1848,0.343023,2.001007
1474,3,1973,0.374913,2.001182
1475,3,1993,0.343897,2.002815
1476,3,1942,0.335626,2.003568
1477,3,1964,0.340614,2.004061
1478,3,1972,0.339674,2.005801
1479,3,1956,0.369748,2.004312
1480,3,2004,0.359566,2.005450
1481,3,1933,0.353641,2.005738
1482,3,1946,0.382102,2.006872
1483,3,1873,0.324611,2.007582
1484,3,1916,0.350247,2.007277
1485,3,1794,0.337808,2.008184
1486,3,1956,0.335154,2.009495
1487,3,1889,0.326545,2.008271
1488,3,1885,0.326531,2.010569
1489,3,1945,0.321332,2.010825
1490,3,1915,0.355272,2.010390
1491,3,1924,0.364539,2.009373
1492,3,1861,0.329286,2.007955
1493,3,1930,0.372688,2.009544
1494,3,1838,0.338674,2.009379
1495,3,1910,0.331010,2.009859
1496,3,1942,0.318398,2.010954
1497,3,1981,0.319787,2.012149
1498,3,1881,0.321855,2.012740
1499,3,1973,0.320616,2.014047
1500,3,1898,0.317141,2.014877
1501,4,2117,0.936871,2.204334
1502,4,2123,0.976723,2.213892
1503,4,2092,0.935245,2.220561
1504,4,2194,0.899567,2.228678
1505,4,2167,0.910935,2.235928
1506,4,2092,0.947858,2.244011
1507,4,2181,0.864103,2.252750
1508,4,2201,0.897414,2.260632
1509,4,2185,0.908297,2.270874
1510,4,2179,0.884948,2.278241
1511,4,2079,0.939366,2.287478
1512,4,2208,0.823287,2.296304
1513,4,2281,0.849959,2.302436
1514,4,2167,0.780608,2.313808
1515,4,2239,0.798394,2.321124
1516,4,2181,0.787705,2.329128
1517,4,2226,0.790829,2.336380
1518,4,2189,0.798685,2.344500
1519,4,2227,0.761867,2.351060
1520,4,2289,0.735406,2.358152
1521,4,2206,0.739748,2.364100
1522,4,2250,0.730769,2.372332
1523,4,2244,0.700000,2.379696
1524,4,2322,0.780675,2.389997
1525,4,2225,0.712856,2.395541
1526,4,2313,0.648610,2.398712
1527,4,2293,0.716317,2.409396
1528,4,2377,0.684621,2.417874
1529,4,2337,0.695936,2.421761
1530,4,2366,0.755193,2.427708
1531,4,2375,0.640193,2.436267
1532,4,2268,0.688757,2.437856
1533,4,2244,0.680899,2.449295
1534,4,2290,0.634547,2.452662
1535,4,2336,0.638149,2.462898
1536,4,2500,0.604621,2.467065
1537,4,2441,0.618700,2.471296
1538,4,2327,0.644523,2.476098
1539,4,2392,0.605369,2.482797
1540,4,2397,0.657676,2.490378
1541,4,2452,0.623841,2.495488
1542,4,2455,0.580811,2.500786
1543,4,2432,0.632215,2.503261
1544,4,2369,0.614860,2.508578
1545,4,2454,0.629482,2.510823
1546,4,2382,0.569170,2.512623
1547,4,2315,0.613240,2.517823
1548,4,2343,0.637317,2.523331
1549,4,2483,0.600903,2.526011
1550,4,2401,0.600667,2.530828
1551,4,2369,0.649721,2.533659
1552,4,2475,0.627219,2.538625
1553,4,2322,0.643312,2.540808
1554,4,2425,0.601717,2.545376
1555,4,2316,0.547094,2.552777
1556,4,2471,0.588046,2.556868
1557,4,2384,0.596785,2.560410
1558,4,2542,0.567201,2.561793
1559,4,2455,0.573718,2.566154
1560,4,2452,0.596354,2.569917
1561,4,2361,0.594193,2.573259
1562,4,2340,0.555851,2.576650
1563,4,2426,0.553137,2.577857
1564,4,2472,0.566540,2.582664
1565,4,2485,0.542520,2.587204
1566,4,2560,0.559074,2.591646
1567,4,2398,0.522540,2.595037
1568,4,2585,0.575259,2.597416
1569,4,2454,0.525171,2.601810
1570,4,2390,0.531070,2.603920
1571,4,2491,0.526348,2.605367
1572,4,2357,0.485192,2.607768
1573,4,2441,0.504932,2.610383
1574,4,2485,0.518949,2.614230
1575,4,2412,0.581639,2.616137
1576,4,2470,0.545682,2.617127
1577,4,2427,0.540952,2.619985
1578,4,2477,0.540423,2.623835
1579,4,2477,0.559824,2.627067
1580,4,2477,0.507608,2.630262
1581,4,2462,0.522573,2.633791
1582,4,2618,0.495146,2.636132
1583,4,2499,0.519149,2.638571
1584,4,2495,0.532555,2.642385
1585,4,2507,0.502097,2.643012
1586,4,2576,0.509965,2.644448
1587,4,2602,0.484313,2.647765
1588,4,2466,0.471360,2.650054
1589,4,2526,0.498221,2.652539
1590,4,2558,0.503821,2.653309
1591,4,2582,0.515258,2.657164
1592,4,2450,0.459202,2.660163
1593,4,2532,0.478972,2.660893
1594,4,2544,0.515188,2.663734
1595,4,2534,0.457998,2.662157
1596,4,2502,0.491061,2.661744
1597,4,2571,0.485269,2.663958
1598,4,2572,0.475617,2.661982
1599,4,2624,0.506315,2.663774
1600,4,2508,0.533007,2.664994
1601,4,2610,0.445183,2.667193
1602,4,2629,0.458125,2.667816
1603,4,2507,0.479929,2.669088
1604,4,2547,0.459599,2.673276
1605,4,2591,0.467157,2.675742
1606,4,2704,0.486531,2.677322
1607,4,2573,0.461102,2.677854
1608,4,2570,0.502924,2.681980
1609,4,2510,0.456761,2.680938
1610,4,2548,0.469435,2.685961
1611,4,2567,0.483815,2.687885
1612,4,2649,0.472485,2.688559
1613,4,2511,0.461583,2.692084
1614,4,2461,0.433314,2.692610
1615,4,2564,0.455991,2.693787
1616,4,2510,0.457607,2.696498
1617,4,2531,0.489700,2.696650
1618,4,2579,0.461190,2.696927
1619,4,2629,0.434261,2.698747
1620,4,2541,0.462025,2.701016
1621,4,2587,0.472396,2.702053
1622,4,2626,0.424851,2.702849
1623,4,2609,0.444629,2.702911
1624,4,2637,0.454495,2.704899
1625,4,2561,0.402519,2.705994
1626,4,2564,0.449406,2.708364
1627,4,2637,0.426948,2.711325
1628,4,2586,0.432687,2.711379
1629,4,2530,0.461583,2.712546
1630,4,2678,0.439011,2.713438
1631,4,2649,0.432666,2.715781
1632,4,2635,0.441466,2.716600
1633,4,2637,0.444140,2.716979
1634,4,2570,0.431755,2.716907
1635,4,2598,0.446548,2.716856
1636,4,2605,0.404313,2.717664
1637,4,2475,0.424870,2.718922
1638,4,2601,0.432269,2.720369
1639,4,2656,0.414270,2.720982
1640,4,2600,0.437258,2.722378
1641,4,2577,0.424544,2.725741
1642,4,2668,0.422933,2.728917
1643,4,2578,0.429839,2.730957
1644,4,2633,0.402023,2.731469
1645,4,2590,0.402274,2.729554
1646,4,2464,0.450265,2.732896
1647,4,2653,0.392651,2.736390
1648,4,2616,0.401929,2.739284
1649,4,2469,0.398867,2.739630
1650,4,2574,0.431591,2.738196
1651,4,2634,0.423784,2.739980
1652,4,2534,0.411699,2.740734
1653,4,2687,0.421693,2.742778
1654,4,2597,0.426139,2.743137
1655,4,2749,0.391194,2.742957
1656,4,2628,0.424390,2.742023
1657,4,2598,0.415804,2.742728
1658,4,2549,0.408287,2.744266
1659,4,2585,0.405655,2.744705
1660,4,2702,0.428118,2.746496
1661,4,2621,0.426007,2.745144
1662,4,2626,0.419459,2.745599
1663,4,2599,0.415577,2.747308
1664,4,2642,0.399364,2.748936
1665,4,2642,0.379634,2.753206
1666,4,2562,0.392391,2.750095
1667,4,2686,0.408495,2.752765
1668,4,2630,0.429348,2.755103
1669,4,2618,0.405260,2.756900
1670,4,2533,0.392523,2.755876
1671,4,2772,0.422268,2.754642
1672,4,2671,0.399162,2.756103
1673,4,2618,0.402250,2.756612
1674,4,2619,0.416441,2.753657
1675,4,2563,0.383909,2.754946
1676,4,2525,0.404338,2.755869
1677,4,2575,0.394153,2.757015
1678,4,2751,0.395738,2.757469
1679,4,2658,0.380062,2.758031
1680,4,2641,0.374089,2.760101
1681,4,2540,0.399449,2.763065
1682,4,2567,0.382337,2.762416
1683,4,2608,0.385024,2.762728
1684,4,2558,0.401644,2.763028
1685,4,2602,0.376720,2.761831
1686,4,2682,0.396148,2.763375
1687,4,2625,0.379401,2.762168
1688,4,2772,0.350219,2.763170
1689,4,2618,0.375723,2.761805
1690,4,2726,0.401542,2.761180
1691,4,2649,0.410543,2.762057
1692,4,2580,0.391586,2.762579
1693,4,2625,0.375065,2.763639
1694,4,2546,0.360770,2.764774
1695,4,2726,0.376073,2.763141
1696,4,2750,0.372941,2.764704
1697,4,2588,0.381741,2.766913
1698,4,2616,0.392230,2.766875
1699,4,2621,0.389714,2.768838
1700,4,2626,0.348742,2.769153
1701,4,2670,0.354642,2.771531
1702,4,2715,0.361585,2.772415
1703,4,2621,0.386772,2.774197
1704,4,2663,0.358673,2.774854
1705,4,2690,0.394505,2.774398
1706,4,2618,0.335033,2.773731
1707,4,2649,0.371118,2.776118
1708,4,2769,0.369436,2.774124
1709,4,2700,0.380368,2.774546
1710,4,2641,0.352279,2.776338
1711,4,2663,0.389875,2.777512
1712,4,2536,0.356875,2.776481
1713,4,2726,0.376768,2.776242
1714,4,2727,0.380760,2.776846
1715,4,2770,0.353861,2.778478
1716,4,2690,0.359272,2.779302
1717,4,2634,0.365474,2.778786
1718,4,2668,0.341378,2.780316
1719,4,2605,0.353247,2.779858
1720,4,2659,0.360798,2.779776
1721,4,2667,0.360714,2.778603
1722,4,2768,0.384000,2.778538
1723,4,2616,0.348454,2.778291
1724,4,2580,0.355754,2.775325
1725,4,2747,0.410164,2.776900
1726,4,2555,0.372918,2.776814
1727,4,2596,0.386012,2.777547
1728,4,2618,0.371399,2.776528
1729,4,2645,0.371177,2.779167
1730,4,2601,0.351871,2.780666
1731,4,2665,0.378686,2.781010
1732,4,2697,0.354596,2.781415
1733,4,2694,0.368207,2.781304
1734,4,2649,0.354987,2.782038
1735,4,2766,0.356547,2.783183
1736,4,2723,0.366968,2.781902
1737,4,2590,0.353894,2.783381
1738,4,2689,0.389664,2.784404
1739,4,2570,0.361950,2.784090
1740,4,2688,0.371429,2.785280
1741,4,2622,0.365625,2.784559
1742,4,2709,0.342418,2.783436
1743,4,2724,0.385554,2.784936
1744,4,2604,0.362637,2.785687
1745,4,2740,0.352419,2.786113
1746,4,2578,0.399566,2.788514
1747,4,2806,0.338740,2.788634
1748,4,2739,0.370185,2.790676
1749,4,2722,0.365095,2.790963
1750,4,2696,0.309373,2.792763
1751,4,2707,0.351473,2.793626
1752,4,2609,0.358854,2.792129
1753,4,2624,0.362409,2.789386
1754,4,2719,0.368395,2.793265
1755,4,2575,0.334889,2.794299
1756,4,2673,0.379969,2.795456
1757,4,2741,0.348917,2.796688
1758,4,2673,0.355477,2.796608
1759,4,2626,0.371996,2.796842
1760,4,2613,0.342065,2.796021
1761,4,2640,0.340102,2.797142
1762,4,2713,0.368129,2.796730
1763,4,2532,0.348961,2.798251
1764,4,2594,0.344738,2.801499
1765,4,2626,0.374150,2.800145
1766,4,2722,0.341548,2.800867
1767,4,2722,0.323286,2.799731
1768,4,2723,0.350025,2.800860
1769,4,2825,0.333176,2.799196
1770,4,2668,0.338685,2.799137
1771,4,2555,0.356877,2.801774
1772,4,2688,0.352793,2.802114
1773,4,2719,0.349380,2.803097
1774,4,2692,0.358224,2.803560
1775,4,2606,0.379566,2.803589
1776,4,2760,0.358936,2.804709
1777,4,2595,0.397415,2.804190
1778,4,2766,0.372024,2.804027
1779,4,2869,0.354580,2.802730
1780,4,2610,0.345361,2.802153
1781,4,2793,0.349275,2.801524
1782,4,2628,0.403846,2.801807
1783,4,2643,0.331486,2.800771
1784,4,2739,0.370871,2.802845
1785,4,2752,0.365757,2.804259
1786,4,2559,0.372118,2.804552
1787,4,2756,0.356299,2.802819
1788,4,2626,0.344598,2.804947
1789,4,2734,0.356824,2.804635
1790,4,2593,0.364019,2.807116
1791,4,2645,0.355715,2.807240
1792,4,2616,0.351240,2.807201
1793,4,2769,0.362027,2.804541
1794,4,2769,0.371471,2.805332
1795,4,2737,0.351605,2.806098
1796,4,2684,0.336653,2.804837
1797,4,2686,0.360689,2.804249
1798,4,2717,0.407043,2.805178
1799,4,2627,0.366805,2.803429
1800,4,2637,0.343352,2.801456
1801,4,2668,0.375967,2.799167
1802,4,2610,0.370798,2.798634
1803,4,2651,0.356704,2.797155
1804,4,2769,0.371471,2.795876
1805,4,2774,0.375992,2.795090
1806,4,2743,0.360615,2.796473
1807,4,2664,0.384615,2.797685
1808,4,2769,0.371471,2.799566
1809,4,2704,0.370502,2.800915
1810,4,2560,0.380054,2.800186
1811,4,2605,0.365304,2.801259
1812,4,2673,0.386411,2.801565
1813,4,2705,0.349800,2.800101
1814,4,2736,0.376258,2.798444
1815,4,2719,0.358821,2.798303
1816,4,2723,0.369718,2.797381
1817,4,2684,0.397189,2.798349
1818,4,2583,0.336957,2.796023
1819,4,2711,0.370576,2.794966
1820,4,2719,0.383011,2.794348
1821,4,2738,0.358809,2.795579
1822,4,2747,0.385974,2.792999
1823,4,2662,0.388628,2.793756
1824,4,2714,0.370707,2.794472
1825,4,2625,0.373626,2.793572
1826,4,2611,0.373488,2.793491
1827,4,2681,0.376283,2.788929
1828,4,2660,0.393400,2.789360
1829,4,2720,0.392729,2.789453
1830,4,2662,0.378560,2.787090
1831,4,2795,0.413043,2.789639
1832,4,2553,0.380000,2.789410
1833,4,2653,0.357033,2.790411
1834,4,2669,0.355510,2.790986
1835,4,2584,0.385523,2.791033
1836,4,2678,0.367722,2.791377
1837,4,2734,0.364953,2.790584
1838,4,2662,0.347166,2.791648
1839,4,2625,0.360809,2.791705
1840,4,2711,0.369192,2.791655
1841,4,2593,0.363302,2.791806
1842,4,2781,0.365243,2.791671
1843,4,2621,0.372251,2.792828
1844,4,2674,0.386210,2.792206
1845,4,2583,0.367390,2.791234
1846,4,2585,0.347056,2.792963
1847,4,2647,0.371503,2.793093
1848,4,2691,0.367378,2.794963
1849,4,2613,0.385472,2.794158
1850,4,2671,0.383938,2.793492
1851,4,2630,0.420854,2.797279
1852,4,2687,0.384338,2.798157
1853,4,2679,0.366837,2.797899
1854,4,2612,0.407328,2.796977
1855,4,2775,0.426735,2.797497
1856,4,2705,0.370314,2.799330
1857,4,2739,0.357284,2.799743
1858,4,2778,0.351825,2.801785
1859,4,2719,0.413202,2.801964
1860,4,2694,0.405321,2.803798
1861,4,2723,0.392839,2.806294
1862,4,2706,0.372211,2.807963
1863,4,2702,0.338286,2.808083
1864,4,2637,0.369159,2.807159
1865,4,2692,0.357539,2.807808
1866,4,2777,0.353314,2.808178
1867,4,2744,0.355062,2.808867
1868,4,2566,0.339248,2.812680
1869,4,2683,0.377310,2.813885
1870,4,2685,0.373402,2.813778
1871,4,2730,0.352825,2.816245
1872,4,2757,0.355457,2.815715
1873,4,2780,0.364752,2.815080
1874,4,2738,0.346116,2.817004
1875,4,2733,0.347633,2.817340
1876,4,2772,0.343023,2.815334
1877,4,2716,0.351244,2.817078
1878,4,2714,0.339585,2.818449
1879,4,2682,0.361421,2.819295
1880,4,2813,0.349808,2.817435
1881,4,2701,0.338454,2.817550
1882,4,2592,0.359916,2.817180
1883,4,2626,0.340480,2.816295
1884,4,2649,0.356375,2.818398
1885,4,2641,0.337893,2.818727
1886,4,2712,0.365559,2.817322
1887,4,2646,0.328980,2.818239
1888,4,2734,0.354807,2.818325
1889,4,2736,0.351111,2.816249
1890,4,2635,0.351282,2.816357
1891,4,2653,0.371059,2.813126
1892,4,2665,0.350051,2.817275
1893,4,2591,0.351591,2.816210
1894,4,2750,0.359367,2.817361
1895,4,2618,0.375000,2.817864
1896,4,2644,0.350358,2.816499
1897,4,2683,0.387280,2.816535
1898,4,2828,0.358962,2.816089
1899,4,2697,0.363498,2.815759
1900,4,2730,0.350816,2.816102
1901,4,2756,0.367063,2.815383
1902,4,2741,0.350246,2.814165
1903,4,2689,0.358767,2.818886
1904,4,2798,0.334287,2.819978
1905,4,2713,0.339092,2.820759
1906,4,2717,0.367388,2.822105
1907,4,2700,0.359517,2.821212
1908,4,2683,0.345537,2.822254
1909,4,2814,0.358764,2.820812
1910,4,2761,0.346173,2.818925
1911,4,2724,0.329429,2.817182
1912,4,2631,0.347158,2.815672
1913,4,2713,0.352443,2.815484
1914,4,2717,0.355788,2.816978
1915,4,2783,0.345745,2.815471
1916,4,2781,0.363235,2.813573
1917,4,2666,0.347145,2.815210
1918,4,2622,0.342550,2.815495
1919,4,2865,0.343809,2.817300
1920,4,2732,0.352475,2.818343
1921,4,2693,0.330534,2.817933
1922,4,2700,0.358832,2.820804
1923,4,2674,0.351187,2.821529
1924,4,2723,0.340719,2.822355
1925,4,2686,0.369709,2.823716
1926,4,2835,0.332237,2.822334
1927,4,2684,0.346038,2.821354
1928,4,2642,0.371755,2.819841
1929,4,2624,0.341513,2.820140
1930,4,2658,0.336350,2.822010
1931,4,2668,0.350886,2.822510
1932,4,2661,0.328507,2.824457
1933,4,2757,0.336403,2.824451
1934,4,2674,0.322453,2.826731
1935,4,2737,0.324782,2.828248
1936,4,2724,0.323615,2.825125
1937,4,2795,0.317154,2.825366
1938,4,2742,0.340831,2.824782
1939,4,2730,0.340206,2.825134
1940,4,2787,0.329041,2.824395
1941,4,2754,0.348678,2.822824
1942,4,2739,0.325750,2.823024
1943,4,2775,0.345781,2.822804
1944,4,2703,0.348802,2.821357
1945,4,2739,0.339364,2.821385
1946,4,2659,0.369207,2.821080
1947,4,2813,0.339524,2.820851
1948,4,2709,0.368873,2.821669
1949,4,2632,0.342172,2.819875
1950,4,2721,0.367337,2.821662
1951,4,2730,0.340864,2.823379
1952,4,2712,0.375951,2.823297
1953,4,2756,0.345703,2.823287
1954,4,2772,0.325048,2.821272
1955,4,2584,0.345833,2.820601
1956,4,2657,0.343955,2.821479
1957,4,2756,0.361660,2.822174
1958,4,2670,0.334333,2.821416
1959,4,2794,0.359611,2.822510
1960,4,2713,0.350423,2.823012
1961,4,2842,0.328658,2.823020
1962,4,2631,0.334855,2.826275
1963,4,2772,0.314991,2.827080
1964,4,2669,0.339859,2.826646
1965,4,2774,0.352511,2.826255
1966,4,2810,0.347722,2.824196
1967,4,2734,0.347462,2.823913
1968,4,2757,0.343567,2.823670
1969,4,2638,0.347982,2.823583
1970,4,2782,0.334933,2.821213
1971,4,2801,0.336993,2.820827
1972,4,2712,0.335303,2.820308
1973,4,2701,0.352529,2.822864
1974,4,2677,0.336495,2.822421
1975,4,2777,0.347404,2.822874
1976,4,2727,0.330244,2.822150
1977,4,2733,0.350964,2.824017
1978,4,2697,0.360061,2.827192
1979,4,2650,0.350663,2.827353
1980,4,2726,0.341535,2.824220
1981,4,2621,0.317748,2.825723
1982,4,2687,0.305637,2.824293
1983,4,2624,0.347714,2.824993
1984,4,2856,0.350355,2.825352
1985,4,2685,0.373402,2.824587
1986,4,2780,0.344944,2.822138
1987,4,2740,0.347762,2.821812
1988,4,2651,0.358094,2.820393
1989,4,2687,0.360506,2.819374
1990,4,2660,0.342756,2.817827
1991,4,2687,0.334161,2.818110
1992,4,2809,0.355695,2.819385
1993,4,2731,0.376512,2.817994
1994,4,2632,0.340805,2.818264
1995,4,2640,0.337386,2.818283
1996,4,2661,0.361822,2.820010
1997,4,2602,0.383307,2.820064
1998,4,2680,0.342685,2.822261
1999,4,2671,0.353776,2.821064
2000,4,2780,0.331418,2.818892
2001,5,1223,1.104991,1.270061
2002,5,1214,1.075214,1.279583
2003,5,1223,1.083475,1.288351
2004,5,1170,1.081851,1.299997
2005,5,1288,1.114943,1.310079
2006,5,1241,1.078727,1.321849
2007,5,1260,0.900452,1.334697
2008,5,1221,1.073005,1.345407
2009,5,1330,1.030534,1.358131
2010,5,1345,1.004471,1.364307
2011,5,1273,0.992175,1.373970
2012,5,1266,1.055195,1.386603
2013,5,1312,0.955291,1.395479
2014,5,1323,0.948454,1.406557
2015,5,1332,0.878702,1.419832
2016,5,1393,0.910837,1.429330
2017,5,1328,0.933042,1.443790
2018,5,1369,0.898752,1.454047
2019,5,1371,0.828000,1.464607
2020,5,1435,0.880734,1.473442
2021,5,1416,0.848564,1.483185
2022,5,1301,0.845390,1.494533
2023,5,1396,0.832021,1.506552
2024,5,1445,0.786156,1.516776
2025,5,1389,0.818063,1.527654
2026,5,1485,0.808770,1.537124
2027,5,1488,0.716263,1.547540
2028,5,1496,0.824390,1.561489
2029,5,1402,0.713936,1.571419
2030,5,1459,0.747305,1.583091
2031,5,1530,0.756602,1.591936
2032,5,1515,0.737385,1.601091
2033,5,1500,0.700680,1.611211
2034,5,1550,0.724138,1.615758
2035,5,1519,0.691537,1.623591
2036,5,1564,0.745536,1.629978
2037,5,1626,0.750269,1.638005
2038,5,1588,0.683987,1.645110
2039,5,1577,0.697524,1.653588
2040,5,1596,0.671204,1.658610
2041,5,1508,0.723429,1.664290
2042,5,1508,0.657143,1.669552
2043,5,1633,0.651163,1.675744
2044,5,1630,0.639839,1.678303
2045,5,1595,0.684266,1.682735
2046,5,1560,0.590214,1.685800
2047,5,1579,0.601420,1.688354
2048,5,1661,0.633235,1.692122
2049,5,1628,0.618290,1.695464
2050,5,1597,0.644696,1.698003
2051,5,1550,0.539225,1.699423
2052,5,1510,0.589474,1.702746
2053,5,1677,0.591082,1.703566
2054,5,1653,0.611111,1.707157
2055,5,1689,0.605513,1.708913
2056,5,1639,0.606863,1.710362
2057,5,1606,0.582266,1.712234
2058,5,1714,0.601869,1.715236
2059,5,1704,0.616698,1.716782
2060,5,1728,0.552561,1.718099
2061,5,1539,0.576844,1.718355
2062,5,1708,0.585887,1.718372
2063,5,1675,0.589184,1.720417
2064,5,1626,0.566474,1.722006
2065,5,1671,0.516334,1.723129
2066,5,1588,0.654167,1.725108
2067,5,1696,0.564576,1.725018
2068,5,1694,0.619503,1.726285
2069,5,1683,0.595261,1.726346
2070,5,1660,0.557223,1.727513
2071,5,1661,0.611057,1.730113
2072,5,1666,0.545455,1.731731
2073,5,1672,0.590866,1.734343
2074,5,1702,0.519643,1.735338
2075,5,1609,0.541188,1.735812
2076,5,1647,0.550847,1.736987
2077,5,1631,0.524299,1.739759
2078,5,1721,0.571689,1.740476
2079,5,1707,0.539225,1.742390
2080,5,1606,0.532443,1.743379
2081,5,1667,0.637525,1.743727
2082,5,1714,0.535842,1.743119
2083,5,1656,0.557855,1.746090
2084,5,1708,0.602251,1.745475
2085,5,1663,0.536969,1.745669
2086,5,1652,0.512821,1.748170
2087,5,1652,0.521179,1.749370
2088,5,1681,0.503578,1.750382
2089,5,1641,0.522263,1.751785
2090,5,1618,0.573930,1.752526
2091,5,1619,0.515918,1.753579
2092,5,1603,0.455949,1.755643
2093,5,1686,0.501336,1.756677
2094,5,1719,0.510545,1.755452
2095,5,1634,0.535714,1.756348
2096,5,1679,0.509892,1.757150
2097,5,1730,0.466102,1.757154
2098,5,1719,0.528000,1.759571
2099,5,1696,0.498233,1.760101
2100,5,1649,0.488267,1.759967
2101,5,1702,0.521001,1.761603
2102,5,1743,0.537037,1.762723
2103,5,1576,0.522705,1.762985
2104,5,1734,0.482051,1.762670
2105,5,1628,0.500461,1.763770
2106,5,1703,0.443220,1.766147
2107,5,1693,0.455718,1.766663
2108,5,1599,0.434081,1.767702
2109,5,1600,0.503759,1.770262
2110,5,1685,0.483275,1.769706
2111,5,1669,0.467898,1.770168
2112,5,1740,0.475827,1.770338
2113,5,1735,0.503466,1.770145
2114,5,1651,0.507763,1.771490
2115,5,1786,0.495812,1.774135
2116,5,1645,0.514733,1.775432
2117,5,1719,0.523936,1.776317
2118,5,1704,0.458904,1.774392
2119,5,1572,0.436929,1.775339
2120,5,1718,0.479759,1.775404
2121,5,1671,0.456844,1.776627
2122,5,1710,0.440607,1.773935
2123,5,1795,0.478583,1.774853
2124,5,1631,0.493590,1.773539
2125,5,1693,0.487698,1.773947
2126,5,1700,0.420217,1.774568
2127,5,1788,0.477686,1.773525
2128,5,1659,0.441355,1.773745
2129,5,1728,0.450882,1.771636
2130,5,1703,0.446899,1.775030
2131,5,1689,0.484183,1.775324
2132,5,1630,0.468468,1.774212
2133,5,1634,0.451155,1.776138
2134,5,1729,0.480308,1.776915
2135,5,1617,0.425926,1.778005
2136,5,1665,0.476064,1.777421
2137,5,1676,0.488455,1.777178
2138,5,1678,0.451557,1.778151
2139,5,1662,0.481283,1.777565
2140,5,1751,0.476391,1.779552
2141,5,1677,0.445690,1.780300
2142,5,1689,0.451031,1.779887
2143,5,1748,0.441055,1.780780
2144,5,1686,0.420388,1.778480
2145,5,1749,0.395850,1.781320
2146,5,1706,0.451915,1.781216
2147,5,1601,0.454133,1.782216
2148,5,1701,0.435443,1.781317
2149,5,1729,0.428926,1.779547
2150,5,1739,0.482523,1.779915
2151,5,1769,0.468050,1.779879
2152,5,1671,0.463222,1.780904
2153,5,1629,0.480909,1.780427
2154,5,1775,0.445440,1.778313
2155,5,1764,0.463900,1.779812
2156,5,1652,0.464539,1.779513
2157,5,1666,0.451219,1.779816
2158,5,1682,0.435154,1.779411
2159,5,1736,0.443059,1.779507
2160,5,1672,0.431507,1.780285
2161,5,1606,0.441652,1.778359
2162,5,1666,0.480889,1.779961
2163,5,1702,0.465978,1.781199
2164,5,1663,0.454943,1.783417
2165,5,1644,0.405128,1.785161
2166,5,1683,0.453368,1.785142
2167,5,1725,0.436303,1.786184
2168,5,1627,0.446222,1.786828
2169,5,1651,0.474107,1.786921
2170,5,1704,0.441624,1.788238
2171,5,1581,0.497159,1.790434
2172,5,1779,0.453431,1.790677
2173,5,1677,0.435788,1.790075
2174,5,1773,0.430993,1.790357
2175,5,1717,0.402778,1.791048
2176,5,1729,0.413737,1.790955
2177,5,1796,0.443730,1.789841
2178,5,1670,0.485765,1.793810
2179,5,1691,0.439149,1.792959
2180,5,1753,0.427524,1.793760
2181,5,1733,0.421657,1.792508
2182,5,1743,0.453711,1.795626
2183,5,1666,0.408284,1.799051
2184,5,1796,0.439103,1.799457
2185,5,1663,0.406937,1.800220
2186,5,1764,0.445902,1.801771
2187,5,1692,0.405316,1.804914
2188,5,1652,0.391744,1.805712
2189,5,1777,0.423878,1.803851
2190,5,1732,0.422003,1.802288
2191,5,1737,0.392943,1.803165
2192,5,1734,0.399516,1.802738
2193,5,1720,0.404082,1.801714
2194,5,1680,0.401168,1.803090
2195,5,1744,0.417886,1.803381
2196,5,1737,0.420278,1.803861
2197,5,1776,0.401736,1.802613
2198,5,1696,0.426409,1.803710
2199,5,1725,0.388889,1.801702
2200,5,1674,0.423469,1.803237
2201,5,1720,0.416804,1.801721
2202,5,1669,0.424061,1.803433
2203,5,1709,0.396242,1.802727
2204,5,1798,0.392719,1.803226
2205,5,1737,0.390713,1.802928
2206,5,1720,0.413311,1.802185
2207,5,1715,0.404586,1.802320
2208,5,1725,0.388889,1.805094
2209,5,1706,0.370281,1.805228
2210,5,1716,0.401961,1.805389
2211,5,1738,0.382657,1.804712
2212,5,1722,0.395462,1.804894
2213,5,1688,0.417296,1.805465
2214,5,1741,0.407437,1.804321
2215,5,1680,0.412952,1.803629
2216,5,1714,0.455008,1.805495
2217,5,1734,0.390537,1.807488
2218,5,1790,0.408340,1.808371
2219,5,1723,0.379504,1.808491
2220,5,1736,0.414833,1.809628
2221,5,1748,0.411955,1.809644
2222,5,1694,0.375000,1.810457
2223,5,1685,0.407686,1.812644
2224,5,1748,0.392829,1.811418
2225,5,1762,0.447823,1.811927
2226,5,1756,0.427642,1.811181
2227,5,1729,0.456613,1.812098
2228,5,1733,0.386400,1.815261
2229,5,1620,0.355649,1.814511
2230,5,1722,0.397727,1.813566
2231,5,1643,0.415159,1.814299
2232,5,1729,0.385417,1.814597
2233,5,1739,0.371451,1.815348
2234,5,1728,0.396928,1.813823
2235,5,1775,0.397638,1.813497
2236,5,1790,0.395168,1.814727
2237,5,1720,0.405229,1.814019
2238,5,1688,0.436596,1.815747
2239,5,1803,0.425296,1.818425
2240,5,1783,0.405043,1.818316
2241,5,1691,0.398677,1.816551
2242,5,1738,0.367427,1.817217
2243,5,1715,0.384181,1.816465
2244,5,1716,0.408867,1.817523
2245,5,1722,0.405714,1.816849
2246,5,1707,0.383306,1.816155
2247,5,1772,0.381138,1.816228
2248,5,1692,0.398347,1.816015
2249,5,1728,0.377990,1.815463
2250,5,1685,0.408863,1.816010
2251,5,1766,0.409417,1.815261
2252,5,1787,0.361005,1.816020
2253,5,1724,0.410802,1.816267
2254,5,1701,0.381803,1.816043
2255,5,1700,0.415487,1.816939
2256,5,1634,0.404987,1.817193
2257,5,1716,0.399674,1.818718
2258,5,1704,0.423559,1.817985
2259,5,1734,0.407468,1.817410
2260,5,1782,0.410926,1.817834
2261,5,1723,0.429876,1.817890
2262,5,1637,0.423478,1.816610
2263,5,1733,0.455080,1.818130
2264,5,1737,0.379666,1.818452
2265,5,1712,0.442291,1.817588
2266,5,1739,0.425410,1.816888
2267,5,1742,0.407108,1.816904
2268,5,1658,0.399156,1.815461
2269,5,1704,0.412935,1.816699
2270,5,1784,0.409163,1.818022
2271,5,1718,0.407043,1.817030
2272,5,1757,0.406725,1.816582
2273,5,1831,0.405219,1.818035
2274,5,1624,0.372781,1.818244
2275,5,1822,0.448331,1.817152
2276,5,1807,0.416144,1.818842
2277,5,1776,0.358837,1.820408
2278,5,1755,0.385162,1.819821
2279,5,1683,0.389761,1.819502
2280,5,1706,0.400657,1.818708
2281,5,1691,0.405653,1.819270
2282,5,1675,0.398164,1.820412
2283,5,1724,0.403909,1.822772
2284,5,1717,0.402778,1.822106
2285,5,1723,0.388396,1.820026
2286,5,1819,0.408985,1.820069
2287,5,1825,0.422447,1.817988
2288,5,1641,0.388325,1.818396
2289,5,1725,0.402439,1.817240
2290,5,1742,0.396953,1.816326
2291,5,1702,0.387123,1.818041
2292,5,1750,0.392204,1.819261
2293,5,1664,0.405405,1.820121
2294,5,1767,0.413600,1.819565
2295,5,1766,0.388365,1.818410
2296,5,1753,0.395701,1.817300
2297,5,1726,0.425268,1.818629
2298,5,1726,0.417077,1.816140
2299,5,1718,0.386602,1.815682
2300,5,1649,0.398643,1.817334
2301,5,1762,0.408473,1.818112
2302,5,1741,0.405165,1.817702
2303,5,1799,0.404372,1.816039
2304,5,1734,0.443797,1.816550
2305,5,1770,0.395899,1.816710
2306,5,1749,0.376082,1.817202
2307,5,1784,0.359756,1.818773
2308,5,1686,0.389942,1.818312
2309,5,1735,0.372627,1.818648
2310,5,1749,0.413905,1.817028
2311,5,1757,0.398885,1.818107
2312,5,1733,0.387510,1.817392
2313,5,1729,0.393231,1.817581
2314,5,1712,0.380645,1.819321
2315,5,1786,0.389883,1.817875
2316,5,1727,0.381600,1.818933
2317,5,1731,0.423520,1.818445
2318,5,1726,0.395311,1.816990
2319,5,1826,0.384382,1.816970
2320,5,1735,0.386891,1.817251
2321,5,1734,0.383879,1.818862
2322,5,1815,0.372920,1.814904
2323,5,1683,0.409548,1.815756
2324,5,1741,0.347523,1.814367
2325,5,1666,0.394142,1.815460
2326,5,1677,0.389395,1.815339
2327,5,1664,0.379768,1.816332
2328,5,1719,0.421836,1.815866
2329,5,1814,0.412773,1.816438
2330,5,1724,0.384739,1.817033
2331,5,1732,0.362707,1.818805
2332,5,1758,0.396346,1.818780
2333,5,1762,0.419823,1.818617
2334,5,1697,0.399011,1.818117
2335,5,1668,0.426861,1.816580
2336,5,1722,0.414955,1.818650
2337,5,1684,0.433191,1.819013
2338,5,1719,0.400978,1.820382
2339,5,1738,0.373913,1.818835
2340,5,1753,0.381403,1.816844
2341,5,1684,0.405676,1.815395
2342,5,1708,0.448685,1.816473
2343,5,1797,0.373853,1.818890
2344,5,1667,0.340032,1.818248
2345,5,1703,0.374496,1.819298
2346,5,1677,0.366748,1.820367
2347,5,1708,0.366400,1.818696
2348,5,1831,0.413900,1.819661
2349,5,1762,0.386310,1.818920
2350,5,1766,0.370054,1.818883
2351,5,1739,0.354361,1.820022
2352,5,1603,0.417330,1.818917
2353,5,1611,0.403310,1.818967
2354,5,1735,0.414018,1.818826
2355,5,1706,0.351822,1.817437
2356,5,1778,0.387978,1.818270
2357,5,1656,0.399831,1.817375
2358,5,1788,0.402353,1.818042
2359,5,1734,0.350467,1.818533
2360,5,1806,0.401086,1.819829
2361,5,1765,0.421095,1.820918
2362,5,1716,0.405405,1.820626
2363,5,1737,0.369874,1.821745
2364,5,1756,0.405925,1.820329
2365,5,1773,0.407143,1.821443
2366,5,1786,0.350983,1.821839
2367,5,1700,0.433390,1.823934
2368,5,1871,0.372707,1.823113
2369,5,1634,0.420870,1.825586
2370,5,1739,0.371451,1.825230
2371,5,1722,0.423140,1.825960
2372,5,1760,0.378230,1.827551
2373,5,1782,0.364472,1.826711
2374,5,1735,0.415171,1.825626
2375,5,1819,0.413364,1.826144
2376,5,1852,0.366790,1.824583
2377,5,1880,0.398810,1.822789
2378,5,1697,0.414167,1.823628
2379,5,1683,0.437233,1.825369
2380,5,1773,0.360706,1.825751
2381,5,1727,0.402924,1.826747
2382,5,1751,0.427058,1.829236
2383,5,1780,0.411578,1.829072
2384,5,1794,0.388545,1.827377
2385,5,1766,0.381847,1.828187
2386,5,1814,0.401855,1.825031
2387,5,1742,0.385839,1.826026
2388,5,1748,0.392829,1.826174
2389,5,1759,0.392716,1.825830
2390,5,1747,0.392032,1.826573
2391,5,1811,0.360631,1.824180
2392,5,1787,0.386346,1.824867
2393,5,1788,0.390358,1.825704
2394,5,1661,0.381864,1.823161
2395,5,1719,0.362124,1.819911
2396,5,1681,0.361134,1.819782
2397,5,1722,0.383133,1.820033
2398,5,1797,0.390867,1.820667
2399,5,1686,0.391089,1.821523
2400,5,1762,0.364833,1.822348
2401,5,1775,0.380249,1.818894
2402,5,1696,0.398186,1.821134
2403,5,1694,0.397690,1.822264
2404,5,1756,0.383767,1.824821
2405,5,1806,0.397833,1.825265
2406,5,1777,0.401420,1.826750
2407,5,1806,0.375476,1.828734
2408,5,1699,0.426532,1.827959
2409,5,1826,0.368816,1.829352
2410,5,1802,0.361027,1.831825
2411,5,1733,0.380876,1.831172
2412,5,1758,0.360681,1.829177
2413,5,1764,0.378125,1.831343
2414,5,1806,0.373384,1.832766
2415,5,1757,0.364130,1.833085
2416,5,1747,0.397600,1.832914
2417,5,1736,0.386581,1.833400
2418,5,1739,0.388978,1.832403
2419,5,1690,0.357430,1.831013
2420,5,1702,0.381494,1.830228
2421,5,1793,0.391001,1.832488
2422,5,1797,0.385505,1.832751
2423,5,1890,0.400000,1.833204
2424,5,1857,0.384787,1.834040
2425,5,1765,0.354566,1.834053
2426,5,1679,0.399167,1.834638
2427,5,1914,0.375988,1.834181
2428,5,1800,0.375095,1.838682
2429,5,1701,0.391980,1.836310
2430,5,1722,0.431421,1.833361
2431,5,1847,0.360088,1.834122
2432,5,1709,0.427736,1.834785
2433,5,1814,0.380518,1.834525
2434,5,1704,0.400164,1.835772
2435,5,1799,0.367021,1.835179
2436,5,1714,0.373397,1.833983
2437,5,1765,0.354566,1.834001
2438,5,1762,0.396197,1.834099
2439,5,1715,0.370903,1.836473
2440,5,1796,0.390093,1.838600
2441,5,1772,0.426731,1.837373
2442,5,1705,0.368379,1.837939
2443,5,1772,0.410828,1.837909
2444,5,1775,0.388889,1.837559
2445,5,1791,0.391608,1.835376
2446,5,1743,0.365987,1.835813
2447,5,1733,0.377583,1.835793
2448,5,1694,0.383987,1.833774
2449,5,1767,0.415865,1.833624
2450,5,1706,0.408753,1.834347
2451,5,1812,0.416732,1.833330
2452,5,1754,0.459235,1.832580
2453,5,1690,0.388661,1.833314
2454,5,1696,0.395885,1.832100
2455,5,1789,0.406447,1.834257
2456,5,1810,0.411856,1.834508
2457,5,1766,0.416199,1.833799
2458,5,1757,0.378039,1.834948
2459,5,1765,0.432630,1.836252
2460,5,1830,0.414219,1.836323
2461,5,1797,0.380184,1.836923
2462,5,1779,0.415274,1.835277
2463,5,1726,0.421746,1.835854
2464,5,1745,0.371855,1.836071
2465,5,1682,0.369707,1.835563
2466,5,1754,0.414516,1.835298
2467,5,1823,0.419782,1.832564
2468,5,1741,0.393915,1.831787
2469,5,1749,0.385895,1.831842
2470,5,1764,0.415730,1.831156
2471,5,1648,0.423143,1.830571
2472,5,1768,0.403175,1.831132
2473,5,1730,0.403082,1.830712
2474,5,1780,0.450693,1.831734
2475,5,1718,0.373301,1.831439
2476,5,1713,0.388169,1.831700
2477,5,1821,0.434988,1.831523
2478,5,1835,0.450593,1.832794
2479,5,1684,0.410385,1.835029
2480,5,1715,0.413850,1.837273
2481,5,1806,0.369219,1.838930
2482,5,1843,0.405797,1.838112
2483,5,1755,0.433824,1.839069
2484,5,1750,0.385590,1.839094
2485,5,1764,0.411200,1.840320
2486,5,1692,0.420655,1.840014
2487,5,1745,0.421010,1.840635
2488,5,1767,0.402381,1.839983
2489,5,1741,0.401771,1.839726
2490,5,1747,0.412288,1.841159
2491,5,1845,0.411630,1.841397
2492,5,1704,0.363200,1.840917
2493,5,1778,0.415605,1.840196
2494,5,1737,0.400806,1.836887
2495,5,1760,0.358025,1.837181
2496,5,1758,0.408654,1.838317
2497,5,1746,0.355590,1.836616
2498,5,1753,0.401279,1.837438
2499,5,1805,0.411259,1.838081
2500,5,1796,0.429936,1.837173
